id,nombre,email,telefono
1,Alonso Feliciano Oller Macias,zarnau@example.com,+34901778066
2,Loreto Piquer Bravo,olgaarrieta@example.com,+34943 169 911
3,Rebeca Heredia-Tena,rsotelo@example.com,+34 900 04 56 85
4,Octavia Torrents,veraalmansa@example.net,+34 722531301
5,Áurea Vicens Rincón,godoyeloisa@example.com,+34 745 09 29 13
6,Toño Zamora Quero,agustinfalco@example.com,+34713 03 23 33
7,Octavio Barragán Alcaraz,eutimiopina@example.com,+34969 486 726
8,Ruperto Porta,graciaencarna@example.net,+34 708 59 67 15
9,Pedro Asdrubal Medina Peña,jenny12@example.net,+34977 388 745
10,Obdulia Coello,ibanalonso@example.net,+34842 56 89 12
11,Octavio Martí Mena,solislorenza@example.com,+34 976 13 47 42
12,Cloe Nogués,clara44@example.net,+34888 75 05 25
13,Cándido Méndez,hmadrid@example.org,+34 881 45 98 76
14,Anunciación Pinilla Alba,uguzman@example.org,+34 828 582 525
15,Benigno Lladó Sosa,vnavarrete@example.com,+34949 252 253
16,Silvestre Toledo Vilanova,veracatala@example.com,+34 823 12 72 37
17,Luisa Valera Pastor,hpuerta@example.net,+34800317457
18,Socorro Sara Hurtado Quesada,gsantamaria@example.com,+34844275296
19,Alfredo Gerardo Cortes Salazar,juanito08@example.net,+34 871 40 16 45
20,Isa Barragán Esparza,godofredomontoya@example.com,+34 710 516 720
21,Teodora Llopis Cañizares,hernan19@example.org,+34 846723690
22,Gabino Marco Naranjo Mateo,ydaza@example.com,+34949 89 53 33
23,Brígida Toledo,obayona@example.com,+34888652380
24,Florinda López Anglada,alonsojaime@example.org,+34 923 12 65 58
25,Tristán Ciro Enríquez Barrena,nbanos@example.net,+34 945 58 83 87
26,Selena Tatiana Franch Elorza,maribel82@example.org,+34878668304
27,Melania Sans,ligiairiarte@example.net,+34845 607 637
28,Tadeo Domingo-Cardona,evelia50@example.com,+34 982 061 418
29,Itziar Bertrán Español,esperanzairiarte@example.com,+34936968270
30,Eleuterio Salvà Fuertes,rpozuelo@example.com,+34930 27 68 51
31,Angelita Tamayo-Hernández,villaisabel@example.com,+34 984 44 68 61
32,Sebastián Gaya Comas,carbonellpatricia@example.org,+34887 77 42 77
33,Espiridión Ribera-Ramón,vilanovaeleuterio@example.net,+34828 322 657
34,Felicidad Márquez Luque,lazaro55@example.org,+34822 831 316
35,Noemí Ordóñez Paniagua,oroda@example.net,+34821 70 55 87
36,Alfredo del Lucas,martin84@example.org,+34944879117
37,Ruy Villanueva Bernal,qsamper@example.com,+34877 644 533
38,Roberta del Mendez,duartenelida@example.org,+34974 333 841
39,Rocío Egea-Llobet,yolandacueto@example.com,+34946 213 987
40,Emperatriz Rincón Barreda,parejaana-sofia@example.com,+34 800023133
41,Elena Benigna Márquez Villanueva,anifranch@example.org,+34879818372
42,Eva María Busquets Morante,gdomingo@example.org,+34977 213 969
43,Adriana del Luz,lcruz@example.net,+34 844 759 318
44,Amada Busquets Egea,jose-mari99@example.org,+34850348881
45,Dulce Román Cueto,laragon@example.org,+34 964 604 951
46,Poncio Castell-Ferrero,rodarufina@example.org,+34946 649 926
47,Quirino Cano Maestre,saritaburgos@example.com,+34614 546 821
48,Vanesa Quevedo Castelló,jeremias74@example.net,+34924652011
49,Teodosio Torre Artigas,narvaezvanesa@example.org,+34825 42 57 60
50,Corona Quintana Pino,leyre76@example.net,+34878 287 889
51,Fernanda Trujillo-Fuentes,nereida28@example.org,+34 800 463 347
52,Borja Arenas Pons,kbarcelo@example.com,+34 982 71 57 58
53,Tania Barco Sierra,ugodoy@example.net,+34985723515
54,Manuelita Guerrero Capdevila,nevadodolores@example.com,+34 709 261 164
55,Gaspar Galiano,gilfuertes@example.org,+34927 005 330
56,Belen Bellido Almansa,kbayona@example.com,+34 822466083
57,Casemiro Capdevila Taboada,morenofelipe@example.com,+34 941 961 777
58,Gil de Escamilla,gimenezgloria@example.net,+34 856 389 068
59,Alejo Crespi Vega,gimeneztrinidad@example.org,+34 887 02 20 90
60,Soraya Aguirre Olivares,ucorral@example.com,+34973924996
61,Miguel del Montaña,ocerda@example.org,+34 918 520 438
62,Berta Cuéllar Méndez,acazorla@example.org,+34 841447814
63,Eusebio Anacleto Mir Barba,gonzalezluna@example.com,+34827 36 79 92
64,Baudelio Martorell Giner,lourdes26@example.net,+34861275143
65,Ester de Carranza,natanaeltalavera@example.org,+34 926183490
66,Patricia Posada Carranza,oportillo@example.net,+34 887757176
67,Juan Antonio Murcia,abraham73@example.org,+34971 63 48 21
68,Nélida Menendez Canet,sigfrido73@example.org,+34844 36 39 39
69,Ale Peña Andreu,veleznazaret@example.com,+34881 284 812
70,Mayte Poza-Cortes,gonzalomanuel@example.com,+34986 677 613
71,Griselda Coronado Frías,feliciana49@example.org,+34 847 47 95 04
72,Claudio Llopis,mendezfabiola@example.net,+34874 279 067
73,César Zaragoza Orozco,pomaresconcha@example.com,+34 876 540 205
74,Aníbal David Navas Gallart,coellorosalia@example.org,+34 885 05 50 10
75,Fabián Amo Franco,mpelayo@example.org,+34986 31 37 33
76,Melisa Pla Hierro,luisinaduenas@example.net,+34825432823
77,Albina Carranza Coll,rioencarnacion@example.com,+34823685428
78,Laura Luís-Pujol,vigilgil@example.com,+34824 25 72 09
79,Ulises Pla Lorenzo,trinisolera@example.org,+34814 74 47 52
80,Mirta del Romero,miguel-angelcadenas@example.net,+34 807668421
81,Genoveva Torres Alfaro,fonsecapelayo@example.com,+34 902105384
82,Valero Domingo-Salgado,noa64@example.com,+34930 501 659
83,Hugo Baena Zorrilla,fporras@example.com,+34824992798
84,Benigna Álvarez Morell,jcalvet@example.com,+34947 06 29 90
85,Fabián Méndez Torrents,joelbarranco@example.org,+34 846 744 272
86,Oriana Alberto-Lobo,juan-bautista80@example.net,+34901 36 94 14
87,José Ángel Olivera Clavero,lalopena@example.net,+34977 266 709
88,Marcial Pellicer Novoa,estevezguillermo@example.net,+34 844 979 044
89,Aristides Rius Cerdán,calvoazucena@example.net,+34800 933 167
90,Borja Bauzà-Cáceres,gbanos@example.net,+34847 256 482
91,Camila Guardiola Palau,berenguercalisto@example.net,+34 864291149
92,Sigfrido Montoya Cepeda,amada51@example.com,+34825926687
93,Carla Bayo Elorza,hector15@example.net,+34846 023 583
94,Cándida Gárate Maestre,menendezmarino@example.org,+34 886488373
95,Samanta Iniesta Puga,menagraciana@example.com,+34880 764 185
96,Prudencia Lozano Sáenz,candido91@example.net,+34979 75 82 44
97,Renato Cobo Aguilar,pastora90@example.com,+34874749707
98,Rafaela Lago Solera,eabella@example.com,+34 920 646 190
99,Bibiana de Saez,jeronimo22@example.org,+34 825 384 701
100,Edmundo de Guillen,juan22@example.net,+34 941 974 258
101,Herberto Rosa Gascón,lino22@example.com,+34972362101
102,Juan Pablo Garriga Porras,zcanellas@example.net,+34874 07 63 65
103,Wálter Casal Donoso,paolafont@example.net,+34822 90 88 48
104,Anastasio Sanjuan Corral,jessica48@example.org,+34 941 678 061
105,Íñigo Marco Hervia Cal,dreguera@example.org,+34877 60 41 46
106,Natanael Reguera Esparza,karevalo@example.com,+34 846 60 18 52
107,Soledad Fiol Villalobos,arenasnacio@example.org,+34 944 612 318
108,Fabio Ribas Manzano,jose-ignacio13@example.org,+34842 76 97 53
109,Amalia Villanueva Roda,dcasanovas@example.com,+34 954204116
110,Leocadia Velasco Sedano,mayolanita@example.org,+34901275999
111,Oriana Andreu Alvarado,cojeda@example.org,+34 846 49 11 71
112,Nilo Goicoechea Guitart,jordateodoro@example.net,+34803295560
113,Emilio Ropero Alcaraz,vcobo@example.net,+34 944278513
114,Buenaventura Rocha Salazar,ilucas@example.net,+34883 265 295
115,Fabián de Polo,ygaliano@example.com,+34920395766
116,Arturo Vallejo Cuéllar,cintiarocha@example.org,+34877 410 203
117,Caridad Calleja Rojas,eusebiocarreno@example.com,+34 987477689
118,Luz Ugarte Tena,pazosalma@example.com,+34 868 19 20 37
119,Juanita Salazar-Peñas,custodiocastro@example.org,+34820 05 57 83
120,Noelia Tur Rincón,aguardia@example.net,+34977 871 727
121,Judith Lozano Samper,perlita01@example.org,+34845212666
122,Jenaro Saez-Arnaiz,mancebojeremias@example.net,+34972 90 41 05
123,Leoncio Elorza Coloma,trujillohortensia@example.com,+34866459126
124,Telmo Castillo Maestre,flaviosastre@example.org,+34 827855672
125,Amada Piña,linaresdebora@example.net,+34866275051
126,Clotilde Iglesias Nuñez,rojasprudencio@example.com,+34 863025664
127,Rosalía Flores Company,vicenta21@example.org,+34 823 39 46 15
128,Fidel Roig Linares,plinio51@example.org,+34 939 57 15 20
129,Pascual del Leal,suarezgaston@example.com,+34 982 363 386
130,Jose Miguel Bolaños Cózar,montoyajesus@example.com,+34873 22 52 50
131,Marcial Bayón Carrillo,diego03@example.net,+34 885 84 89 32
132,Lázaro Acosta,vergaramanu@example.net,+34946 774 394
133,Flavia Rivera,epifanioponce@example.org,+34877 32 97 84
134,Evangelina Barriga Uribe,rubenvargas@example.org,+34862 238 093
135,Rita Villalonga Valderrama,djuan@example.com,+34 974322051
136,Emilio Ferrera Guardiola,morcilloeustaquio@example.com,+34 985 97 96 27
137,Rolando de Francisco,sebastianlosa@example.com,+34886348039
138,Máximo Bustamante Martorell,corozco@example.org,+34742 269 678
139,Marianela Vera-Duarte,zamorafelisa@example.net,+34823 261 583
140,Jose Antonio Graciano Canals Clemente,hectorbayona@example.net,+34 884 38 42 97
141,Maricela Morillo Sastre,jose-manuel70@example.org,+34 901753340
142,Curro Sarabia Alberdi,yzabaleta@example.net,+34879 193 267
143,Jose Francisco Hoyos Cornejo,hector85@example.org,+34924501231
144,Xavier Muro-Santos,diborra@example.net,+34 945095321
145,Trini de Solís,odalys78@example.org,+34 858730932
146,Balduino Porta Sureda,jovitacardona@example.com,+34976487049
147,Silvestre Alonso Aparicio,fabricioromeu@example.net,+34842 84 57 44
148,Laura Odalis Montserrat Vega,geronimo75@example.org,+34848 21 20 28
149,María Cristina Manzanares Roldán,adolfoarcos@example.org,+34 941546105
150,Bienvenida Bauzà Arce,elodia85@example.net,+34849 076 290
151,Bernardita Gonzalez Vilalta,sacristanjose-ramon@example.net,+34 986 95 21 55
152,Rico Robledo,adelinaavila@example.com,+34846 317 745
153,Amaya Pablo Almansa,tgarzon@example.com,+34 926085162
154,Ariel Torrens Aller,hugo63@example.net,+34972516799
155,Dan Martí-Pujadas,garceseligio@example.org,+34946 32 56 54
156,Francisca Luz Pagès Monreal,santos55@example.net,+34849 605 811
157,Elena Pou Zorrilla,achaparro@example.org,+34973 423 920
158,Ramona Martin Parra,romanripoll@example.net,+34733419068
159,Emigdio Gregorio Romeu Vega,evitaacosta@example.org,+34 901364027
160,José María Benito Pozuelo Gonzalo,mbecerra@example.org,+34932 59 20 12
161,Vidal Porras Talavera,octavia59@example.org,+34883 23 93 42
162,Jerónimo Pallarès Iborra,adelardo27@example.org,+34878 81 07 82
163,Amílcar Ricart Rovira,roman37@example.org,+34849 90 08 33
164,Rosario Corominas,raimundo46@example.net,+34902921568
165,Rafael Perelló Garrido,valerolillo@example.com,+34948 38 50 98
166,Saturnino Solano Pinto,ciriacoverdejo@example.net,+34979480630
167,Jose Angel Mate Martí,rogeliobelda@example.net,+34881986171
168,Chucho de Linares,saleman@example.com,+34810 487 813
169,Juanita Santamaria,leire33@example.com,+34883 88 18 87
170,Urbano Cano Bolaños,jsanmiguel@example.org,+34887 860 032
171,Ruy Casals-Montero,isabel94@example.org,+34884 018 817
172,Nando Corral Marin,duquearistides@example.org,+34 877530263
173,Odalys Rocamora-Barbero,rcapdevila@example.com,+34 842500673
174,Olivia Barriga Medina,kbarroso@example.org,+34873 101 090
175,Norberto Luz Pedrero,izapata@example.com,+34 845 462 489
176,Francisco Javier Guzman Sevillano,fabian84@example.net,+34879107243
177,Eusebio Salmerón Ibarra,obelmonte@example.net,+34806 195 002
178,Felipa Bello Avilés,htejedor@example.com,+34821 84 45 10
179,Florencio Borja Vives Mur,casemiro48@example.org,+34880 439 166
180,Rogelio Capdevila Sabater,figueroapilar@example.net,+34926 34 23 33
181,Bartolomé Alba Lorenzo,alex42@example.com,+34922 283 452
182,Agustín Yáñez Llamas,lalocepeda@example.com,+34 921 677 917
183,Elodia Paca González Estrada,hgarces@example.org,+34981 72 83 65
184,Édgar Gibert Cabello,domingoariel@example.com,+34700613308
185,Nuria Tudela,consuelo76@example.org,+34974 60 48 71
186,Rocío Carrera,yolandahervas@example.com,+34 874111179
187,Efraín Rosario Castañeda Rojas,amaro03@example.org,+34845 315 177
188,Rosa María Castrillo Pujadas,fitolanda@example.org,+34944 70 99 10
189,Caridad Cámara Niño,anitaverdugo@example.com,+34 944778916
190,Nico Victor Cañizares Díez,medinamaria-belen@example.com,+34 941 618 612
191,Perlita Torrens Melero,vilaltahipolito@example.net,+34 845 253 905
192,Jeremías Bru Galiano,huguetesther@example.net,+34947 34 79 69
193,Eloísa Huertas Juárez,atienzaismael@example.com,+34978 864 012
194,Paz Tapia Moya,jdelgado@example.net,+34982837236
195,Fernando de Cabezas,varmengol@example.com,+34900 155 071
196,Quirino Bru Coca,antonio76@example.com,+34 972 933 323
197,Nicolasa González Villegas,marianabuendia@example.com,+34 925 027 955
198,Onofre Múñiz Toledo,morilloaitor@example.com,+34847 144 584
199,Vidal Samu Frías Jordán,josefinabejarano@example.net,+34 842 477 636
200,Eusebia Infante Ruano,raimundollabres@example.net,+34 979 09 14 18
201,Ileana Ayuso Beltrán,vicente74@example.com,+34 823606542
202,Adolfo Contreras-Mosquera,angelicacatala@example.org,+34879 607 762
203,Isa Segovia,sofiatovar@example.com,+34 821 862 643
204,Dorita Guillén Quevedo,roblesdanilo@example.net,+34 941 865 033
205,Nazaret Eusebia Pulido Vazquez,luis-angelamaya@example.com,+34941378670
206,Sol Alma Anaya Marí,marco44@example.org,+34978 62 73 83
207,Mar Solé Garay,carballoasdrubal@example.com,+34951 299 195
208,Baltasar Falcó Patiño,zjimenez@example.net,+34863 422 629
209,Mirta Gascón Figueroa,micaelaarias@example.com,+34 881 63 22 30
210,Jose Carlos Rico-Canet,lsolana@example.com,+34 953577491
211,Rogelio Manuel,espiridion75@example.net,+34 820 277 353
212,José Valera Santamaría,pescamilla@example.org,+34977202518
213,Charo Gordillo Martínez,paulacosta@example.com,+34 807 539 148
214,Graciano Amado Morante Ferreras,sacristanpepito@example.org,+34888907031
215,Concepción Garcés Plaza,carlito89@example.net,+34 988 058 267
216,Aurora Morell Aragonés,lobatoobdulia@example.net,+34930301463
217,Ana Abascal Ayllón,luciamartin@example.com,+34921 97 64 13
218,Caridad Palacios,vilmajuan@example.org,+34800 341 096
219,Evita Jimenez Bartolomé,haznar@example.net,+34902 767 966
220,Fortunato Alfaro Navarro,hamoros@example.net,+34888 982 734
221,Buenaventura Pagès Cabrero,doritacervantes@example.net,+34900327293
222,Rita Oliver-Moll,nelida22@example.com,+34842 61 19 94
223,Ramona Frutos Urrutia,cuestafortunata@example.net,+34921739533
224,Julián Guijarro,benita74@example.org,+34964 35 32 33
225,Isaura Prieto,rufina90@example.com,+34 922 038 504
226,Reinaldo Porta Aguirre,wcolom@example.com,+34 874727062
227,Nilo de Perera,villarhilda@example.org,+34 876 46 05 17
228,Aarón Calvo Cózar,maxi98@example.net,+34 845 429 498
229,Wálter Alcolea-Pereira,ruth49@example.net,+34 922 89 25 95
230,Alejandro Cordero Ariño,jpascual@example.com,+34 877 43 41 27
231,Isabel Sevilla Lerma,placido63@example.net,+34928985394
232,Víctor de Tormo,elianavigil@example.org,+34 944450717
233,Gaspar Lledó,carranzakike@example.org,+34 973850966
234,Marcelino del Izquierdo,lola95@example.net,+34974695493
235,Charo Ojeda Palmer,roldanleandro@example.com,+34 887 365 917
236,Candelario Ordóñez-Báez,reynaldoacosta@example.net,+34927970436
237,Godofredo Baeza Ferrando,larasimon@example.org,+34884039010
238,Nydia Socorro Salinas Sanmartín,leticiamuro@example.net,+34 845 34 35 72
239,Itziar Rosalina Miralles Cuervo,rosalina68@example.org,+34944746827
240,Rosa María de Priego,rosjulio-cesar@example.com,+34806934754
241,Águeda de Medina,jenarobalaguer@example.org,+34884 32 21 08
242,Piedad Valls Montaña,aguedagamez@example.org,+34 874 257 306
243,Angélica Barceló,luisa73@example.org,+34901 25 28 49
244,Marisela Tomás Calderón,encarnitaamor@example.net,+34 842 68 92 93
245,Javiera Melisa Duarte Santiago,cirino95@example.com,+34 876 38 55 64
246,Fortunato Téllez Leiva,ufuente@example.net,+34 900 230 136
247,Calista Artigas-Parejo,teresita81@example.com,+34 845 89 21 76
248,Olegario Portillo Ropero,ainara76@example.org,+34 845827044
249,Tomasa Herrero Antón,sbueno@example.net,+34948 80 97 66
250,José Ramis-Palomar,victoragullo@example.com,+34845439352
251,Matías Alfredo Villalba Prats,dafne88@example.org,+34926 261 836
252,Isabel Segarra-Quintana,candelas43@example.net,+34 821 81 86 70
253,Ricarda del Egea,solefrancisco-jose@example.org,+34800 69 15 73
254,Rómulo Che Nevado Barberá,xduque@example.org,+34845071842
255,Nicanor Vall Mariscal,reynaldovigil@example.com,+34 820106703
256,Eliana Barroso-Barreda,garatepastora@example.org,+34974 23 00 09
257,Domitila Alemán-Alcalá,eutimio70@example.com,+34 882794479
258,Lázaro Lluch Cañete,cesar26@example.com,+34927998915
259,Cipriano Portillo-Campo,gustavotorrent@example.net,+34901 15 05 07
260,Perla Agullo Márquez,dtormo@example.net,+34 973 873 056
261,Zaida Ribera Torres,cleto84@example.net,+34948 460 342
262,Gabriela Ibañez Roman,hsegarra@example.com,+34973840167
263,Salud Barrena Perez,ncanet@example.net,+34988 04 90 68
264,Itziar Mireia Molins Mesa,rlucas@example.com,+34 924698220
265,Noa Belda-Canals,jafet06@example.net,+34986 300 706
266,Encarnita Mirta Ochoa Galván,nestor54@example.com,+34 873 50 66 17
267,Inés Lara Checa,tnunez@example.net,+34983 981 959
268,Florencia Isern Comas,rsegovia@example.org,+34987 64 65 68
269,Manu Montalbán Riera,oamat@example.net,+34 842 271 405
270,Mateo Benavides Perera,geraldovaldes@example.com,+34902061483
271,Manuel Arana Carmona,micaelaberrocal@example.com,+34 977725750
272,Viviana Camino Pujol,monterochuy@example.org,+34806 192 417
273,Nuria Pinedo Rius,ricomaldonado@example.net,+34 872719658
274,Juan del Cortina,eli83@example.com,+34879562601
275,Germán del Prieto,luis42@example.net,+34878 179 136
276,Cloe Agullo Fonseca,sol32@example.com,+34978848858
277,Nydia Ángel-Carlos,hcazorla@example.org,+34807 816 454
278,Lorenzo Paulino Ibañez Arroyo,victoria78@example.net,+34828314949
279,Chema Giménez-Espejo,hugobravo@example.com,+34878684223
280,Godofredo García-Marqués,arellanolourdes@example.net,+34884267399
281,Albert Jódar Barranco,mgelabert@example.net,+34 806639846
282,Cirino Farré Ariño,tamaritoctavio@example.com,+34 877 21 15 11
283,Isaura Pedrero Riquelme,lucia77@example.org,+34 878 211 007
284,Corona Arrieta-Cánovas,reinaelias@example.org,+34 976 17 36 41
285,Hugo Calvet Cases,federicohierro@example.com,+34 983 84 74 45
286,Sarita Ávila-Becerra,carlitoolivera@example.net,+34 948 26 92 49
287,Mercedes Hierro Andrade,uribeulises@example.com,+34 900 207 347
288,Ignacio Castelló Quevedo,castellluisina@example.com,+34942709892
289,Cesar del Heredia,isabelacastilla@example.org,+34974 215 441
290,Amando Pi Costa,wbellido@example.com,+34 846 77 51 92
291,Evita Macías Sánchez,amilcar59@example.org,+34879 84 75 07
292,Raúl Tirado Martí,tsobrino@example.com,+34949 23 24 51
293,Amparo del Nevado,tcastillo@example.net,+34 941 732 445
294,Marcos Valle Andreu,titodalmau@example.org,+34944 394 811
295,Mamen Lilia Vendrell Alfaro,lupe13@example.com,+34 876 82 65 92
296,Leocadio Parejo Vives,tacosta@example.com,+34 871 950 650
297,Matías Vizcaíno Murcia,expositocristian@example.org,+34 873 325 713
298,Sara Marina Luque Ibarra,gasconemiliana@example.net,+34712 97 47 35
299,Alejo Donaire-Espada,bilbaoheriberto@example.net,+34 847168340
300,Rafaela Cifuentes Piñeiro,dan36@example.com,+34 823 496 929
301,Úrsula Millán Olmo,pereatrinidad@example.com,+34825 599 073
302,Amparo Roldan Flores,nievesballesteros@example.net,+34 800 651 473
303,Estrella del Barco,oscarguardia@example.net,+34 848 317 067
304,Cecilio Ayllón Requena,roberto11@example.org,+34956 284 230
305,Wilfredo Somoza Mir,vbaro@example.net,+34884993361
306,María Cristina de Lumbreras,ibanezamador@example.org,+34925 90 30 02
307,Trinidad Grande Falcón,susana34@example.org,+34985201964
308,Carmen de Garriga,omarroig@example.com,+34 807628391
309,Amílcar Puente Puerta,eufemia10@example.net,+34 868 853 605
310,Régulo Heredia Olivera,amparo14@example.com,+34879190681
311,Máxima Gomez Sebastián,valerogema@example.net,+34874 63 10 08
312,Eric Sancho Pastor,maximinotejera@example.org,+34813 414 762
313,Sancho Emilio Saldaña Acosta,amanciomenendez@example.net,+34 849 599 539
314,Cruz Prado Marqués,mariana60@example.org,+34837 76 87 00
315,Jose Sotelo,mateossamuel@example.org,+34848 920 023
316,Clímaco Pujol Torre,yaiza27@example.com,+34887 379 711
317,Anunciación Armengol Salas,hilario17@example.com,+34948 85 13 79
318,Calisto Rivas Segura,florencia02@example.net,+34 911 29 33 81
319,Augusto Ureña Méndez,modestafeliu@example.org,+34 876723776
320,Ruperto Pedrosa Parejo,monica16@example.org,+34942 25 70 61
321,Eligia Alfaro Mata,tomas56@example.net,+34 931 820 153
322,Xiomara Ureña,landapetrona@example.com,+34727 025 482
323,Dolores Briones-Miranda,uriajuan-jose@example.org,+34881778004
324,Ignacia Lluch Alemán,rhidalgo@example.com,+34875 211 865
325,María José Calleja Llopis,manzanoamanda@example.net,+34 978 876 820
326,Josué Méndez-Casares,gregoriocazorla@example.com,+34 806189247
327,Cruz Segarra-Arnaiz,duilio66@example.net,+34877 99 19 33
328,Jesusa Gelabert Uriarte,romeunarciso@example.com,+34901 930 364
329,Amada Vilar Sanz,wnevado@example.net,+34923 23 22 90
330,Balduino Cañellas-Bautista,reinaldo95@example.org,+34 928 24 46 95
331,Hector Poza Borja,gabrielacabello@example.com,+34 828 11 70 89
332,Consuela Flor Bernal,waznar@example.com,+34851669824
333,Isabela Nuñez Hoz,jose-ignaciobaeza@example.net,+34925 133 357
334,Emigdio Álvaro Pol,nquevedo@example.org,+34 902 40 35 61
335,Maricela María Jesús Manrique Parra,dsegura@example.org,+34974 08 03 26
336,Eva Madrid Chico,felix00@example.com,+34974368560
337,Joaquín Tudela Méndez,carrenomaxi@example.net,+34923 712 401
338,Segismundo Losa Tirado,fabiopol@example.net,+34987 44 60 91
339,Amando Benavent Silva,regulo06@example.net,+34 972 159 776
340,Teo Esteban Avilés,clementinaarino@example.net,+34814 346 910
341,Viviana Cañellas Uría,alma76@example.org,+34 821 16 98 99
342,Isa Ros Viña,doloresjulia@example.com,+34902 77 97 60
343,Jordán Emilio Pelayo Ródenas,manzanaresrosalinda@example.com,+34978 77 68 89
344,Susana Bartolomé-Ocaña,manuelitacodina@example.org,+34876 811 040
345,Albino Sastre Heredia,nacio61@example.net,+34 949 148 891
346,Agustín Rocamora-Antúnez,palmalorenza@example.net,+34847 77 50 47
347,Vicente del Arenas,amorteresa@example.org,+34942030216
348,Saturnino Castro,gasparmartin@example.com,+34822 11 91 68
349,Belén Company Cuéllar,amaro37@example.com,+34700130896
350,Amílcar Farré Echeverría,charoroma@example.net,+34871813835
351,Fabián Baños Aroca,qpedrosa@example.com,+34 817 861 162
352,Saturnino Tamarit Busquets,alfredo04@example.org,+34987448148
353,Amada Jaume Ramos,vcontreras@example.com,+34 825611691
354,Amarilis Peralta,trinidadbarco@example.org,+34824501523
355,Florinda Bejarano Gargallo,cuervovilma@example.org,+34843 34 32 50
356,Teófila Iriarte Jove,gaspar36@example.com,+34847 394 508
357,Florinda del Zamora,gisela01@example.net,+34872735487
358,Jennifer Zoraida Antón Almazán,rosa20@example.net,+34880 65 73 66
359,Esmeralda Vilar-Pinedo,lasaema@example.com,+34 828341043
360,Juan Manuel García,hidalgofausto@example.net,+34 948377887
361,Itziar Serra,custodio73@example.org,+34848 337 455
362,Calixta Figueras Torrents,montescarmelita@example.com,+34946049075
363,Raúl Escrivá Cañellas,paulaabad@example.org,+34928 77 46 54
364,Yago Posada Tolosa,dbarbero@example.net,+34 987 966 160
365,Santos Hernández Cánovas,galcala@example.org,+34988 552 851
366,Dorotea Moliner Simó,lopeoller@example.net,+34 943 605 013
367,David Quiroga Jove,camposleire@example.org,+34632 476 412
368,Remedios Pallarès-Batlle,gaston02@example.org,+34 973 02 92 77
369,Roque Leopoldo Sastre Casanova,vinaaristides@example.net,+34947 46 38 21
370,Ulises Bauzà Salgado,faustinovilalta@example.org,+34924 29 79 15
371,Cesar Batalla Diéguez,qportillo@example.com,+34 824 468 549
372,Otilia Vives Frutos,jgarriga@example.com,+34 946444861
373,Simón Piña-Feliu,vicente14@example.org,+34 941 96 92 77
374,Jose Francisco Sabater Sevilla,ainaracabanas@example.com,+34 862279032
375,Febe Pavón Bartolomé,hernandezleandra@example.org,+34977933075
376,Cloe Roldan Pera,clotildeadadia@example.org,+34 987 282 483
377,Santiago Gonzalo Lladó,sagustin@example.org,+34 947 91 07 46
378,Gabino Ávila Mate,dora32@example.org,+34 702026002
379,Américo Tenorio,dgomez@example.net,+34 878 91 76 84
380,Eloy Haro Rivero,annaarevalo@example.net,+34 846 91 46 54
381,Albert Boix Roura,hipolito14@example.com,+34 973 14 37 91
382,Santos Domínguez Puga,manceboandrea@example.com,+34928 642 602
383,Macarena Fernandez Barros,isidoranogueira@example.org,+34975 675 389
384,Bartolomé Barceló Ballester,ribateofila@example.net,+34 888 418 115
385,Matilde Padilla,acedomohamed@example.org,+34946 83 25 96
386,Saturnino Melero-Sastre,anunciacion72@example.net,+34 806 417 931
387,Haroldo Redondo Bonilla,monterofelix@example.org,+34 843 132 894
388,José Mari Peral Alemán,milagroscal@example.net,+34 986456059
389,Olegario Pardo-Linares,ariel84@example.com,+34 843 56 11 15
390,Amancio Muñoz Agullo,olmedofernando@example.com,+34877832629
391,Úrsula Ballester-Pomares,uberenguer@example.net,+34943 73 91 98
392,Alfonso Cerezo-Montes,fonsecalara@example.com,+34849 78 47 35
393,Nicodemo del Font,barragananastasio@example.com,+34948 56 98 12
394,Octavia de Águila,arteagalilia@example.net,+34886 20 57 50
395,Maura Morera Caro,gutierrezagustina@example.com,+34948439417
396,Encarna Palma Carrión,olivia65@example.org,+34 942 25 26 78
397,Federico Jose Carlos Carlos Lara,dazapia@example.org,+34 952 25 66 67
398,Anastasia Sacristán Olivé,juan-josereyes@example.com,+34 872 856 115
399,Salomón Peral Querol,ferrercayetano@example.org,+34 887 697 170
400,Ana Sofía Rios Gimenez,cgarate@example.com,+34983 43 16 05
401,Melisa Benitez Melero,maribel54@example.com,+34803 290 107
402,Emma Ximena Marcos Rodrigo,merchecortina@example.net,+34 987969146
403,Elisa Coll,ecosta@example.net,+34874 25 46 60
404,Isabela Gual Gámez,moracandelaria@example.org,+34888810280
405,Chus Salazar-Olmedo,waltercordoba@example.org,+34 965850648
406,Ximena Arco Tena,robertotorres@example.org,+34980 98 69 54
407,Silvestre Castilla Rosell,graciano22@example.com,+34925 235 716
408,Cándido Fabregat Pi,rcarlos@example.com,+34 828806339
409,Ligia Avilés Gracia,marcianocanizares@example.com,+34 821 36 43 60
410,Jordi Ribera Nogués,lupe68@example.com,+34 841073688
411,Saturnino Baños-Cabello,marcos06@example.net,+34 976 52 60 81
412,Adriana Herranz Bellido,nayaraballesteros@example.net,+34842551982
413,Trinidad Castejón Alcántara,geraldopons@example.com,+34 730 14 31 38
414,Rosenda Viñas Beltran,lorenzoadadia@example.net,+34 696 22 35 45
415,Julia de Aranda,mirtagracia@example.net,+34972 62 45 83
416,Amaro Cristóbal Manuel Fabregat,wsotelo@example.org,+34 730 61 46 09
417,Gabriel Marco Vara,vilanovaruperto@example.net,+34849 69 54 47
418,Teodoro García Gallart,tvallejo@example.org,+34884 774 513
419,Eugenio Vendrell Jover,cerroseverino@example.com,+34 883 59 56 60
420,Luís Vilalta Ribes,claudio01@example.org,+34 872580808
421,Emilio Ruben Peñas Castañeda,gemajerez@example.org,+34825 021 378
422,Gala Sarabia Rosselló,pinillasabas@example.net,+34879 406 972
423,Josefina Aguado,maxinaranjo@example.com,+34822 426 588
424,Pepe Paredes,lconesa@example.net,+34971 534 169
425,Valerio Alberola Naranjo,teresaroman@example.org,+34920280486
426,Angelino Ciro Vilar Armengol,jeremiastejada@example.com,+34946331693
427,Felipa Córdoba-Parejo,conradotellez@example.org,+34 979 478 244
428,Raimundo Manso Rosado,colomildefonso@example.com,+34744 314 875
429,Ildefonso Rodriguez Fortuny,kuribe@example.org,+34 981 145 389
430,Hilario Nadal Olmedo,asensiocustodia@example.com,+34874 81 01 25
431,Apolonia Rivero Torralba,salinasmercedes@example.org,+34 926475137
432,Timoteo Guadalupe Cañizares Jara,alberto07@example.com,+34 875 453 274
433,Miriam Infante Palacios,filomena40@example.org,+34981 574 951
434,Clotilde Vilanova Costa,rubenmanzano@example.org,+34 876528201
435,Eulalia Barrios Canet,eloybru@example.com,+34 844 503 969
436,Ruperta Laguna Garcia,fpablo@example.com,+34874982502
437,Saturnino Morante Miró,ofelia18@example.org,+34729 71 14 89
438,Nilo Ocaña Corominas,samuvega@example.net,+34 800117815
439,Hector Delgado Gilabert,pescolano@example.org,+34736515828
440,Yéssica Bayón Poza,casemiropina@example.org,+34972 35 83 81
441,Teresita Carla Barrio Villalobos,luis07@example.org,+34 924412602
442,Ramón Cózar Pi,adelaidamonreal@example.com,+34826 89 45 20
443,Sigfrido Toro Vallés,cloeprada@example.org,+34 887 464 343
444,Angelina Vila Córdoba,ribaana-belen@example.net,+34 845450019
445,Bernarda Gimenez Galindo,esparzavirgilio@example.org,+34 921 11 32 13
446,Jovita Diéguez Gelabert,violetacabanas@example.net,+34975 801 991
447,Teodosio de Alcántara,donatobenavides@example.org,+34 958 360 996
448,Perlita Carvajal Mayol,arteagaasuncion@example.com,+34848121320
449,Heraclio Castillo Gras,xrosell@example.org,+34 918072857
450,Sonia Pareja,lfernandez@example.net,+34 949484232
451,Ramón Sobrino Benítez,juanitojodar@example.com,+34 868432863
452,Emiliana Ricart Mesa,adan61@example.net,+34 901 319 463
453,Borja Aristides Luís Acedo,wbusquets@example.com,+34 887 63 62 69
454,Renato Catalán-Chacón,rmontes@example.org,+34884 816 714
455,Amor Rodolfo Cifuentes Lopez,lupe50@example.org,+34 845 445 404
456,María Marí Millán,reynacasals@example.net,+34 873 088 494
457,Dan del Arellano,amilcarcatala@example.net,+34941 241 389
458,Maximino Cadenas-Palomar,saezsamuel@example.org,+34949 833 065
459,Tecla de Ibarra,gmontes@example.net,+34923 948 786
460,Ani del Conde,ezequieliborra@example.com,+34 824 36 08 62
461,Teobaldo Moya Carlos,kikecodina@example.org,+34 742901210
462,Vilma Gracia Diez,igrau@example.net,+34 933290667
463,Xavier Pereira Calderon,aureaduran@example.net,+34871 599 105
464,Valeria Montoya Mas,octavia37@example.org,+34 875 79 32 19
465,Domitila Gil Escobar,manuelitaserna@example.org,+34 825 10 73 97
466,Hernán de Cruz,puentejuan-carlos@example.net,+34875145756
467,Inmaculada Giner Cortés,fidelacobos@example.org,+34879 99 51 57
468,Salud Madrigal Roselló,yduarte@example.com,+34 941 06 66 04
469,Lorena Badía-Olivera,duquemaria-jesus@example.com,+34 877140736
470,Samanta Portillo Manso,xavier77@example.net,+34948 011 963
471,Manuel Hervia Luque,leandracasanovas@example.com,+34981806370
472,Narcisa Ropero Ayllón,xavier12@example.org,+34 882572331
473,Roberta Alberto-Catalá,sosimocanales@example.com,+34 973755792
474,Efraín Malo Maestre,carosegismundo@example.com,+34948 36 48 42
475,Alcides del Asenjo,eplaza@example.org,+34983 584 972
476,Narciso Polo-Quevedo,cabreroloida@example.org,+34843 720 194
477,Angelina Martin Manzano,znoguera@example.com,+34888 314 740
478,Pepito Manrique,angeles63@example.net,+34849 07 22 51
479,Adán de Riquelme,hierrogeorgina@example.org,+34873251127
480,Gastón Pont Pomares,eolive@example.org,+34884920491
481,Quique Mir Doménech,porteroprudencio@example.org,+34 824821391
482,Odalis Lucila Galan Garcia,navarroloreto@example.com,+34 848 65 34 56
483,Felisa del Palmer,adelinapulido@example.org,+34 632 761 532
484,Marcial Fabregat,abilio09@example.org,+34 882196960
485,Rosaura Soria Azorin,xnoguera@example.org,+34833500185
486,Modesto Urrutia Jaume,dbernal@example.net,+34 985 45 76 49
487,Teófilo Calatayud-Rocha,ffrancisco@example.net,+34923 55 53 72
488,Jimena Corbacho Boix,uvila@example.net,+34820 107 649
489,Irma Narváez Pinedo,kllopis@example.net,+34843 64 43 95
490,Guiomar Chico Marcos,dani47@example.net,+34872152243
491,Belen Cepeda Fajardo,rpina@example.org,+34 842 00 45 22
492,Visitación Palacio-Pizarro,sabas41@example.net,+34 955166180
493,Gregorio Romero Agullo,mbenitez@example.net,+34 901 816 924
494,Rodolfo Reyes Armas,marcial86@example.net,+34983 50 98 15
495,Bibiana Figueras Rocamora,hpellicer@example.net,+34928 54 71 55
496,Roldán Pazos Ricart,flaguna@example.org,+34862 75 57 63
497,Calisto Neira Romero,manolo90@example.org,+34 850 719 293
498,María Manuela Peláez Lloret,claudia11@example.net,+34927 124 287
499,Isa Expósito Fuente,bcisneros@example.com,+34 948 21 37 80
500,Raquel Mármol Contreras,naviles@example.com,+34811503476
501,Armida Jennifer Pastor Nebot,ojauregui@example.net,+34949 53 71 33
502,Quirino Samu Pedrosa Valderrama,isaias03@example.org,+34854 349 861
503,Noemí Luque-Millán,andres-felipegaliano@example.com,+34 860 043 040
504,Balduino Roda,odalismontalban@example.net,+34880404496
505,María Manuela Juana Garzón Blanca,fsans@example.net,+34 949 56 54 65
506,Martirio de Moraleda,nunezroman@example.org,+34 880809953
507,Amancio Teodosio Navas Ros,sandravera@example.org,+34 981130906
508,Sergio Torralba Canet,sgalvan@example.org,+34885 74 52 81
509,Paz de Carrillo,maria-angeles35@example.net,+34 944 59 90 46
510,Dora Suárez Mármol,julian79@example.org,+34 877 36 90 73
511,Manuel del Gámez,puentecornelio@example.org,+34844720146
512,Valerio Mulet Báez,maria-dolorescuellar@example.org,+34 959 508 367
513,Dora Alcolea Fabregat,aitana43@example.com,+34 886 012 306
514,Juan Manuel Soler Royo,marcoposada@example.com,+34823044447
515,Encarnita Collado Nogués,artemio59@example.net,+34 941299228
516,Adán Arnal-Hervia,arizaedu@example.org,+34871 786 364
517,Margarita Bermejo Chamorro,moyaflor@example.com,+34709 972 585
518,Reynaldo Jordán Gomila,regueraeric@example.org,+34826 401 978
519,Telmo Nuñez-Guerrero,valeroleonel@example.net,+34 847466498
520,Lorenzo Parra Amaya,mazafrancisco-jose@example.net,+34822 322 273
521,Maximino Néstor Somoza Fajardo,solerfernanda@example.org,+34 923 59 64 30
522,Lourdes Salomé Posada Ponce,reinaibanez@example.com,+34900 79 04 91
523,Valentín Frías Cruz,iblasco@example.net,+34 879 40 97 68
524,Patricio de Olivé,fpulido@example.net,+34947 54 25 07
525,Felicidad Manrique Nogueira,donato19@example.org,+34 988 213 234
526,Reyes de Vallés,ugabaldon@example.net,+34 871 58 49 61
527,María Belén Ariza Vives,guiomarjove@example.net,+34 722 829 870
528,Brunilda Nieto Romero,adela58@example.net,+34845820692
529,Ángeles Exposito Vives,elisaferrandez@example.org,+34 948947165
530,Maximino del Torrijos,ppalomino@example.org,+34 985574337
531,Lupe Llopis Ruiz,villartomasa@example.com,+34820 545 691
532,Jacinta Alegria,felisa57@example.org,+34878489232
533,Jose Carlos Wilfredo Herranz Martí,rcamino@example.net,+34 925 572 095
534,Leonardo Valls Zamorano,maitecastejon@example.net,+34 881 88 35 82
535,Sonia Abril,ualler@example.net,+34 888 024 134
536,Glauco Águila Somoza,vcornejo@example.com,+34844 452 194
537,Dorita Cuesta Guitart,matiasjuan@example.org,+34884 16 51 62
538,Osvaldo Jeremías Gascón Rosa,montserratmaxima@example.org,+34901 306 788
539,Máxima Cerro Martorell,jledesma@example.org,+34803 75 63 30
540,Marino Blanca,jose-angel83@example.com,+34 812161840
541,Pío Roma Daza,avilesyaiza@example.com,+34 922324254
542,Lola Mata Zurita,arrietajose-angel@example.com,+34 982711883
543,Jose Carlos Campillo Tejero,estrella11@example.com,+34879814815
544,Lupita Higueras Bilbao,campoymaria-del-carmen@example.org,+34 977593360
545,Onofre Roselló Garay,eugenio85@example.com,+34 922 47 29 92
546,Alex Caballero Simó,ipalma@example.org,+34 800 53 00 86
547,Javi de Echeverría,osvaldopablo@example.org,+34844366772
548,Demetrio Leandro Raya Uría,xcabo@example.org,+34 849 97 26 95
549,Gala Corominas-Coronado,albina75@example.net,+34 848 172 386
550,Toni Codina,bonifacio57@example.net,+34822321329
551,Cristian Delgado-Montoya,linafalcon@example.net,+34947 88 70 16
552,Cloe Lara Pujol Abella,oprieto@example.net,+34 826820953
553,Evangelina Rosalva Palma Valderrama,ana36@example.net,+34847 024 427
554,Adelina Canals,eulaliamulet@example.org,+34 944 93 11 96
555,Cloe Amador Casanova,malena99@example.org,+34 842 87 18 25
556,Julio César Josep Ríos Andres,maricruz02@example.org,+34 873 220 037
557,Ariel Guerra Solís,ayalaarcelia@example.com,+34 882 575 474
558,Flavio Vilanova Gabaldón,zlosa@example.net,+34 879148393
559,Maricela Garcia Sedano,renata98@example.com,+34 927309741
560,Carina Paniagua Peláez,fidelcanizares@example.org,+34843 87 27 01
561,Joan Bermudez Corbacho,pacificaleon@example.org,+34811 93 80 26
562,Sofía Carnero Cid,herminianadal@example.org,+34 981 292 933
563,Bernardo Peñas Escamilla,upombo@example.com,+34826 330 283
564,Reyes Barral Reina,fabiancabanas@example.org,+34 976 32 81 52
565,Daniel Bonilla Donoso,eloisamartin@example.org,+34978 522 306
566,Pacífica Luque Aguirre,lidiabuendia@example.net,+34900 32 74 46
567,Xavier Ariza Castellanos,dora48@example.org,+34956989555
568,Fito Izaguirre Peral,fpablo@example.org,+34924 131 060
569,Claudia Castillo-Vega,silvestrevalle@example.com,+34927 669 944
570,Estela Saavedra-Vélez,micaelamurillo@example.org,+34978465886
571,Roberto Baños Pallarès,corraljudith@example.com,+34 984 49 08 25
572,Tamara Carranza-Reig,carbajomar@example.com,+34 822194620
573,Ciríaco Luz,bvillaverde@example.net,+34 926 29 05 99
574,África de Aguirre,ecruz@example.org,+34 976365410
575,Carmina Margarita Ropero Solana,angelinaaroca@example.net,+34973 735 699
576,Blanca de Benitez,lcorominas@example.org,+34 878217157
577,Corona Alcalde Mayol,hernan41@example.com,+34 949 94 59 41
578,Aura Giralt Torrecilla,zferrera@example.org,+34887508758
579,Martirio Isern Sales,ntorrens@example.org,+34925805750
580,Maximino Pulido Rosselló,brigida26@example.net,+34844 787 874
581,Darío Rolando Monreal Bosch,reinaldo60@example.net,+34873914302
582,Manuel Chaves-Garriga,samuellumbreras@example.net,+34 979370806
583,Cosme Bernad Cordero,raguila@example.net,+34881870646
584,Gisela Jordá Olmo,juancarlos@example.org,+34 900221805
585,Consuelo Salom-Barberá,loreto93@example.net,+34 824849669
586,Olimpia Gras,solanoinigo@example.com,+34 846 07 32 57
587,Sebastian Jacinto Ribera Diéguez,anselma96@example.net,+34 878424507
588,Emilia Cerdá Trujillo,emiliaesteban@example.com,+34 720 565 745
589,Sonia Baquero Canales,mchacon@example.org,+34 968 10 28 58
590,Haydée Rosalva Sebastián Luz,vitoriquelme@example.com,+34869179503
591,Carolina Martorell Araujo,nbarcena@example.org,+34 879929038
592,Crescencia Adán Galán,ponsivan@example.org,+34841421691
593,Jesús Mosquera Beltrán,gserna@example.org,+34 902219224
594,Guadalupe Frutos Diego,gisela63@example.org,+34680 856 965
595,Cirino Albano Tejera Vilanova,seguratamara@example.com,+34828246034
596,Roberto Zamorano-Gálvez,patinofrancisco-jose@example.org,+34880 347 176
597,Felipe Sanmiguel Expósito,amayaeutimio@example.com,+34 807 970 029
598,Dalila Busquets,auracrespo@example.net,+34 921 724 646
599,Lalo Uriarte-Llabrés,gasparmolins@example.org,+34 924 90 22 22
600,Dionisia Brígida Cañas Ferrándiz,pilirossello@example.com,+34 844 873 838
601,Telmo Amancio Reguera Lastra,cobosdimas@example.org,+34 887 45 11 94
602,Marcela de Agullo,kmarquez@example.com,+34880521442
603,Perla Camacho Olmo,baroca@example.com,+34803656681
604,Rosaura Diez Riera,echeverriaamado@example.com,+34 873 900 711
605,Zoraida Pla Vidal,rinconsalomon@example.org,+34881 038 945
606,María Fernanda Beltrán Luna,ggarrido@example.org,+34 822 820 822
607,Fátima de Zorrilla,lilia08@example.org,+34988 77 23 48
608,Socorro Bárcena-Fernandez,custodio62@example.net,+34 875751070
609,Eloísa Beltrán Esparza,alebermudez@example.net,+34982752876
610,Mirta del Montenegro,albaabril@example.org,+34 926 906 333
611,Candela Coloma Macias,teofilaperalta@example.com,+34926066684
612,Baudelio Ferreras Cervera,castroeutimio@example.org,+34872 622 760
613,Jenaro Redondo Palma,teodoravalencia@example.net,+34845 53 19 29
614,Heliodoro Abad,bpi@example.com,+34 823 663 200
615,Apolonia Larrañaga Sainz,valeriogabaldon@example.net,+34 927 92 66 23
616,Luz Samper Villanueva,ana-belen06@example.net,+34748 178 575
617,Elodia Pallarès Manuel,palaciolucila@example.net,+34 847 63 02 64
618,Trini Luz Sabater,maria-fernanda76@example.net,+34867090714
619,Pili Gámez-Palmer,kperea@example.com,+34821747772
620,Andrés Serrano Pereira,samantamur@example.org,+34 983341017
621,Consuelo de Lozano,alberolarafaela@example.com,+34900 094 518
622,Herminio de Baquero,molessonia@example.org,+34979 264 642
623,Pablo Tomás-Calzada,ascension56@example.org,+34 825 27 13 91
624,Casandra Rius García,gil07@example.com,+34 924 66 26 59
625,Gertrudis Bosch Frías,jose-manuel64@example.net,+34 924 54 50 06
626,Graciela Sancho Villalba,vicentemaria-angeles@example.com,+34966477900
627,Jesús Raimundo Falcón Caballero,glauco61@example.org,+34949 329 411
628,Loreto Roldan-Sedano,jose45@example.net,+34987 19 69 11
629,Yaiza Téllez Álvaro,dorapenas@example.org,+34958472299
630,Jose Ignacio Marti Barbero,juan-luis46@example.org,+34 847 633 945
631,Amalia Andres Piñol,juliana47@example.com,+34 847 639 196
632,Daniela de Planas,corominascelso@example.com,+34 842 100 154
633,Francisca Vázquez Artigas,rita73@example.net,+34872 432 653
634,Cristina Amores Ortuño,arinofernanda@example.org,+34885 09 61 28
635,Dan del Palau,qcompany@example.org,+34878 857 743
636,Elisa Franch Batlle,gcarrasco@example.net,+34875039928
637,Rosendo Barriga Orozco,emigdioalemany@example.com,+34883 643 957
638,Yaiza Rodrigo Porcel,giraltdelfina@example.net,+34 925080191
639,Juan Manuel Abel Ayuso Fuster,pontofelia@example.com,+34 842113696
640,Américo Solera Villa,carce@example.org,+34932 96 94 99
641,Gaspar de Bou,inigo89@example.net,+34888 416 675
642,Bonifacio Martínez Cuadrado,qpino@example.org,+34 975 578 523
643,Adelia Tomás Llano,enavas@example.org,+34856 42 87 28
644,Ángel de Mate,clemente18@example.com,+34 943 025 597
645,Casandra Cortina Ferrera,mercedesesparza@example.net,+34848 69 78 34
646,Kike Marí Falcó,adoracion86@example.com,+34834 26 74 67
647,Aureliano Gisbert Arco,maricelanavas@example.net,+34 982 379 146
648,Danilo Coloma Delgado,kjove@example.com,+34 980 31 26 96
649,Hernán Alegre Barbero,imoraleda@example.net,+34925696694
650,Edmundo Calvo Alba,oarce@example.com,+34 947 725 435
651,Adrián Carranza Valencia,ibanezfernanda@example.org,+34 887 788 140
652,Ambrosio Calixto Madrigal Manjón,hescamilla@example.net,+34 886127189
653,Hernán Seguí Bustos,macarenavalencia@example.org,+34741 847 945
654,Gilberto Piñol Mariño,clarisamancebo@example.org,+34 983 36 90 46
655,Victoria Sabater-Carreras,tomasadiego@example.net,+34 979977936
656,Lucio Carrera Royo,portillobrigida@example.net,+34 715 57 26 29
657,Feliciano Valerio Exposito Carnero,romanrius@example.com,+34872880318
658,Francisco Jose Ramis-Valenzuela,nunezalex@example.net,+34 883095049
659,Jenny Corbacho Zamora,izquierdogertrudis@example.com,+34 841108597
660,Andrés Vidal Tolosa Elorza,realreynaldo@example.net,+34876 433 592
661,Ramona de Vilalta,mariazabaleta@example.com,+34933 449 925
662,Ildefonso de Rius,amilcarlledo@example.com,+34 901 21 47 39
663,Eli de Murcia,emmacarrasco@example.com,+34928 02 39 10
664,Hector de Silva,jjove@example.net,+34923 59 70 82
665,Felicidad Hernández León,ciro69@example.net,+34 820105549
666,Clarisa del Toledo,fabianpazos@example.net,+34806 46 02 24
667,Ani Gisbert-Cabañas,parrajoan@example.org,+34 922 71 40 60
668,María Del Carmen Guerra Enríquez,harojimena@example.com,+34 887 837 869
669,Eutimio Batlle Carlos,moralesromulo@example.com,+34 939019358
670,Sofía Aguado Martorell,zamoranogilberto@example.net,+34 821944634
671,Germán Casal,narcisa64@example.com,+34 712 425 750
672,Rocío Pelayo Olivé,rtomas@example.org,+34965 693 033
673,Severo del Hurtado,espejoruperta@example.com,+34876 01 70 17
674,Florencio Martorell Jordá,moises01@example.com,+34844181472
675,Cruz Juárez Escribano,cornelio04@example.com,+34 880102769
676,Fortunato Quesada Barral,wsoler@example.org,+34 728 894 770
677,Dionisia Aguirre,alonso46@example.net,+34 876424786
678,Evangelina Quintana Bastida,coral33@example.net,+34741882178
679,Teodoro Barral,leonardo15@example.com,+34845539589
680,Mirta Mar Mata Pons,emaarco@example.net,+34 984 370 229
681,Amor Berrocal Cid,vgrau@example.net,+34 842367224
682,Azucena Valenciano Rico,fatimabayo@example.com,+34943365736
683,Blanca Virginia Duarte Girón,osanabria@example.net,+34 842 63 97 62
684,Ruperto Ortega-Alegre,qprada@example.org,+34 721 661 081
685,Maribel Peñas,ymontoya@example.org,+34 981787506
686,Che Canals-Azorin,ggallego@example.com,+34 827 418 569
687,Nicanor de Piñol,degea@example.net,+34883 951 469
688,Luis Miguel Alemany Cal,albina33@example.net,+34853427706
689,Javi Toni Samper Español,rodrigobonet@example.net,+34 800 533 643
690,Nazaret Cristina Duran Menéndez,leocadia42@example.com,+34839449649
691,Arcelia Porras Jara,nicomontero@example.com,+34852156098
692,Chucho Bernad Ruiz,tapiatadeo@example.net,+34 925003694
693,Salomé Campoy-Pizarro,macarena86@example.net,+34 924333101
694,Celestino de Lamas,fpol@example.net,+34 844543263
695,Sofía Noguera Ripoll,eescudero@example.org,+34926 788 967
696,Vidal Matas-Abril,oscar13@example.com,+34743789624
697,Victoriano Feijoo Aparicio,canteroeric@example.com,+34 901 979 435
698,Lupe Madrigal Varela,serafina22@example.net,+34 843570461
699,Vicente del Sabater,kgelabert@example.net,+34988 67 58 79
700,David Solano Company,baronjuan-bautista@example.net,+34832944711
701,Ofelia Soriano,otilia66@example.com,+34 945918618
702,Rodrigo Burgos Cardona,estevezfausto@example.net,+34 935 69 24 70
703,Encarna Casals Segovia,estradapepe@example.com,+34 950 12 03 06
704,Pepita Fernández Corbacho,socorro48@example.com,+34923 71 52 38
705,Gema Mendez Peinado,camposilvio@example.net,+34 849750342
706,Concepción Nicolás Gallego,delgadoerasmo@example.com,+34 884 738 033
707,Luisa Arnaiz Maza,ricomendez@example.org,+34 945259482
708,Carolina Sancho Reyes,ulisesmuniz@example.net,+34 973225492
709,Roxana Olimpia Abad Falcó,feliciana44@example.org,+34973 92 03 55
710,Martina Rico Quintanilla,rogelio71@example.com,+34822 297 700
711,Toni León Duque,cabreracayetana@example.com,+34 823 476 061
712,Amor Luna Tejera,anabel17@example.org,+34 975 716 658
713,Eusebio Nogués-Pozo,vinasodalis@example.com,+34 821727249
714,Paloma Soriano Becerra,ayalagerardo@example.net,+34 875 19 36 30
715,Graciana Palacios Campos,qojeda@example.org,+34 922892167
716,Cirino Paz Palacios,ulago@example.com,+34 807 40 66 20
717,Sosimo Contreras Rosell,gnunez@example.net,+34 961 864 854
718,Edelmira Febe Cazorla Beltran,qbertran@example.net,+34946936730
719,Fanny Santos Téllez,melisa97@example.org,+34846 67 62 60
720,Macarena del León,amacias@example.net,+34888 48 21 07
721,Osvaldo del Quiroga,tere02@example.org,+34 978934257
722,Perla Maza Amigó,ferrertelmo@example.net,+34872 73 96 30
723,Ema Sedano Villa,juanelisa@example.com,+34986676716
724,Paz Castañeda-Balaguer,lisandroramirez@example.org,+34926 31 50 20
725,Juan Francisco Diez Posada,nereidatenorio@example.org,+34 800901349
726,Melchor Gascón Peñalver,lucenalazaro@example.com,+34 886711777
727,Nicolás Martí Duarte,moranteotilia@example.com,+34826 223 496
728,Toni Chucho Crespi Olivé,maxiaragones@example.net,+34 874 77 28 64
729,Aránzazu Llobet Burgos,wmedina@example.net,+34 977 52 34 41
730,Adela Monreal Sanz,bravoalex@example.com,+34888 86 18 26
731,Herberto Perales Martorell,obdulia57@example.org,+34 921 260 469
732,Nydia Ros Vélez,salamancajose@example.net,+34 616876600
733,Alejo Cobos Saez,coronallorente@example.net,+34 980 02 18 25
734,Selena Vizcaíno Caparrós,ceciliolobato@example.com,+34 845 661 316
735,Valentín de Seguí,toribioripoll@example.net,+34 974 068 522
736,Omar Miguel Alcázar,francisca46@example.org,+34 821 96 67 24
737,Begoña Mercedes Palomino Caparrós,jaime88@example.org,+34900696245
738,Ruy Pizarro-Perez,raulcarrasco@example.org,+34 982 80 51 71
739,Inocencio Cabrero Ochoa,julianasancho@example.com,+34 880 595 797
740,Genoveva Ruth Conde Macías,zorrillalina@example.net,+34 844 576 464
741,Valeria Cuadrado Borrell,usalcedo@example.net,+34 849984034
742,Purificación Figueras Clavero,npuga@example.net,+34945 569 519
743,Alfonso Corbacho Ramos,escrivaale@example.com,+34841476040
744,Selena Tena Salvà,taboadalupe@example.net,+34978 68 85 51
745,Rosario Estevez Belmonte,qolive@example.net,+34 828431219
746,Judith Jurado Carro,ferrerasmirta@example.net,+34 988446074
747,Emma Fuertes Gisbert,kterron@example.net,+34 927 27 73 83
748,Álvaro Aguilar Larrañaga,sanchezmarianela@example.com,+34749 49 95 97
749,Raquel Zurita Manuel,jose-antonio47@example.com,+34988 394 986
750,Ofelia Porcel Sans,dsureda@example.org,+34 842849110
751,José Feliu Aguado,silvestregascon@example.com,+34 916 879 667
752,Salomón Barragán Raya,acamacho@example.org,+34 723984804
753,Marisela Araceli Aller Marcos,irisbonet@example.com,+34 981 031 736
754,Natividad Franco Girón,gfuertes@example.org,+34 806 29 47 69
755,Oriana Cifuentes-Crespo,qmaldonado@example.com,+34975 403 630
756,Palmira Murcia Arribas,ricartraul@example.net,+34 824 32 32 73
757,Carlos Pou Calzada,micaela75@example.org,+34 842 47 30 32
758,Luisina Fortuny Gelabert,arocaadolfo@example.com,+34 984 944 228
759,Manuela Fabra Alcázar,pascual49@example.net,+34946989249
760,Ciriaco Cándido Marquez Puente,sevillaamalia@example.org,+34739 902 921
761,Oriana Marquez-Suarez,evangelinamosquera@example.org,+34924 22 93 06
762,Azahar Pacheco Guitart,mateo12@example.net,+34848234050
763,Augusto Lamas-Ordóñez,khoz@example.com,+34722 575 647
764,Sandalio Ayala Franco,esmeralda51@example.org,+34 882 515 757
765,Lucio Iñiguez Mulet,ernesto80@example.net,+34 826 393 283
766,María Del Carmen Bonilla Gilabert,peirobibiana@example.com,+34 924286352
767,Heriberto Nazaret Blázquez Crespi,ygrau@example.com,+34 945789278
768,Nazaret Castejón Osorio,teclacornejo@example.net,+34976 10 50 38
769,Clara Barral Uría,herreragriselda@example.net,+34922 496 716
770,Régulo Gracia Garriga,vascobarral@example.net,+34 984 25 76 34
771,Gala de Amorós,martinezvictorino@example.org,+34942 979 522
772,Encarnación Botella Santiago,ivanblanes@example.net,+34 811240633
773,Julia Sola Tena,norbertolujan@example.org,+34800 11 62 69
774,Luis Segovia Puente,cardenasmargarita@example.net,+34 947 88 89 82
775,Ainara Prado Vilalta,amateu@example.com,+34 730 20 18 58
776,Aitor Millán,mayoralfabiola@example.net,+34879 027 307
777,Selena Galindo Valencia,cpascual@example.com,+34 978 16 35 33
778,Jose Antonio Navarro Escobar,mmanso@example.org,+34 874 911 053
779,Juliana Guardiola Asensio,maciasmarcial@example.org,+34987 353 167
780,Amancio Baquero Ribera,garrigarosalia@example.net,+34 825 23 64 92
781,Loreto Sabater Carpio,lupe00@example.org,+34 843 71 14 39
782,Rufino Clemente Redondo,carolina85@example.net,+34 871 469 786
783,Trinidad Santos Higueras,bbarragan@example.com,+34927 489 648
784,Ariadna Jessica Palomino Cañellas,gallardociro@example.net,+34900 419 952
785,Rosario Montserrat Abellán,sanchoayala@example.com,+34879 932 631
786,Evangelina Adoración Sevillano Castelló,tono53@example.org,+34 942 36 44 45
787,Agustín Pedrero Pino,baudelio11@example.com,+34983984282
788,Hortensia Espinosa Granados,zgrande@example.org,+34943208707
789,Rocío Bernal,iroda@example.com,+34 825 187 296
790,Soledad Mir Reina,salesemilia@example.com,+34 978058392
791,Marianela Español Vizcaíno,anavarro@example.org,+34902999274
792,Pancho de Burgos,genovevapolo@example.net,+34980234716
793,Débora del Meléndez,sol26@example.org,+34 981344723
794,Jenny Saez Moliner,jluna@example.com,+34981519405
795,Jessica Felipa Gallo Abellán,adoraochoa@example.net,+34 900 102 741
796,Odalys Cisneros-Viña,artigasporfirio@example.net,+34720087686
797,Roque Moles Anglada,lucho58@example.net,+34 901480771
798,Máximo Conde Fabregat,flor66@example.com,+34670 297 047
799,Carlos Carmona Peral,crespigoyo@example.org,+34 871160139
800,Felicidad Lidia Barreda Balaguer,maximino63@example.com,+34817163602
801,Geraldo Fuentes Franco,ileana09@example.org,+34872661857
802,Felicia Hernandez-Luna,manuelferrandez@example.net,+34987 458 493
803,Sandra Juliá-Díez,arieljerez@example.net,+34 842513010
804,Horacio Luján Palomar,eesteban@example.net,+34927646794
805,Victoriano Martin Iglesias,teofilo06@example.com,+34 978 696 630
806,Francisco Javier Santos Sastre Nevado,micaelaabascal@example.org,+34 880 254 800
807,Nazaret Rosselló Fajardo,cayetana28@example.com,+34828 281 653
808,Marcia Ortuño,xiomara06@example.org,+34847166636
809,Adán de Alcázar,cloesarabia@example.com,+34849 553 394
810,Belén Zapata Alcázar,olegariopenas@example.com,+34830 014 217
811,Selena de Soria,ograu@example.com,+34 876 63 99 17
812,José Antonio Abellán Villalobos,delfina78@example.com,+34 921 423 353
813,Rafaela Tapia Villena,qcuesta@example.com,+34888 98 13 17
814,Wilfredo Rebollo-Gámez,segarramaria-pilar@example.com,+34847041215
815,Tania Mora Pedro,florentinolobo@example.net,+34876 488 301
816,Celestino Soria Codina,dsalgado@example.net,+34926 666 447
817,Vicente Moraleda Pons,gibertnicanor@example.net,+34 721372489
818,Jesús Jurado Garmendia,castanedafidela@example.com,+34 988 45 50 98
819,Gerardo Lledó-Canals,clarisabermudez@example.com,+34975464532
820,Samu Cuéllar,lalcaraz@example.net,+34 941 728 446
821,Coral Lucas Llopis,castanedateofila@example.org,+34 807830534
822,Lucho Lorenzo,alberolapastora@example.org,+34 978 45 11 25
823,Anunciación Blanca Mateu Bermejo,dsalva@example.net,+34 822685722
824,Esteban Águila Miralles,joaquina84@example.org,+34 977439993
825,Pepito Chaves Rosell,ecorbacho@example.com,+34 888 747 435
826,Víctor Guardiola Iglesia,inigo12@example.net,+34 975 420 431
827,Diana Crespo Sanmartín,nicolasa86@example.com,+34 901653963
828,Porfirio Tejedor-Villanueva,cabreroquirino@example.org,+34964 559 990
829,Teobaldo Corral Lago,placidogual@example.net,+34 685 723 964
830,Marta Arcos Bayona,abel82@example.net,+34 886 53 64 45
831,Rocío Gaya,xcasal@example.org,+34 961 30 94 29
832,Ligia Losada Bayo,anguitapaola@example.com,+34 949 792 958
833,Victorino Pepito Garcés Pedrero,pinomiguel-angel@example.org,+34973762182
834,Gracia Olmo Zurita,emperatriz49@example.net,+34 845253918
835,Sonia Correa,vpinedo@example.net,+34 961 393 084
836,Alfonso Pera Higueras,robertacoello@example.org,+34 846 756 975
837,Sandra Mata Viñas,encarnita66@example.net,+34927 81 66 34
838,Duilio Paredes-Ariño,purificacionmena@example.net,+34988 641 263
839,Maite Ayuso Cañete,quirosfrancisco-javier@example.com,+34822 400 818
840,Guiomar Asensio Hurtado,hllorens@example.net,+34803 71 15 50
841,Noé Cantero Calderón,graciela38@example.com,+34924 675 576
842,Dafne Rodrigo,diazroxana@example.net,+34973 54 95 16
843,Agustina del Pla,pinedarosa-maria@example.net,+34 888 443 678
844,Basilio Salom Lumbreras,andrea36@example.org,+34 950626965
845,Ricarda Amigó Andres,itziar71@example.org,+34 980 65 66 39
846,Calixto Martinez-Frutos,neiraprimitivo@example.com,+34881 745 154
847,Quirino Sanjuan Mulet,juarezagueda@example.net,+34987 53 73 95
848,Lucho Sevillano-Aguilera,angelino68@example.org,+34 706 13 37 05
849,Eliana del Ferrer,martacomas@example.org,+34 830 08 19 66
850,África Francisco-Tamarit,octavio14@example.org,+34886 878 630
851,Elpidio Solé Barbero,jenaro06@example.net,+34935 92 45 26
852,Agustina Cámara Hurtado,jacintariera@example.net,+34 848 63 62 42
853,Cayetana Palomino,lalocortina@example.com,+34 881 728 351
854,María Del Carmen Colomer Arteaga,josefa48@example.com,+34 828 468 296
855,Marcelo Lobato Delgado,dalilaalba@example.net,+34727 85 79 27
856,Encarnación del Sales,francisco-joseruano@example.com,+34985 519 509
857,Simón Dominguez Moll,talamo@example.com,+34 825 17 06 64
858,Amelia Martín Peralta,tfrias@example.org,+34 800 223 658
859,Lourdes Teresita Benavente Montaña,narvaezfabricio@example.net,+34976 35 07 11
860,Azahar Carreras Artigas,virginiaalsina@example.net,+34871941568
861,Carolina Mas Bartolomé,asdrubalrubio@example.net,+34 820 201 605
862,Manuelita Torre Canals,carlota13@example.com,+34878867698
863,Agustín Espejo Bayona,luciamonreal@example.org,+34 926 009 978
864,Ángeles Arribas Mayol,wdiaz@example.com,+34 883862236
865,Marcos del Cobos,jafet34@example.org,+34 987935603
866,Jenaro de Ballesteros,gomezomar@example.org,+34958 38 01 20
867,Carmela Crespi Ramirez,jaenarmando@example.org,+34882124641
868,Ismael Sola Riera,hugo48@example.net,+34 955322528
869,Teresita Llanos Barriga,carlitosanjuan@example.org,+34974088781
870,Zoraida Pedro Nevado,morenaalonso@example.com,+34975 300 488
871,Luz Valls Laguna,gpedrero@example.org,+34803 484 659
872,Feliciano Nogués Torralba,cjaume@example.com,+34827919521
873,Adelardo Abril Martinez,ballesterpurificacion@example.org,+34942 72 06 58
874,Patricia Fuertes Bernal,hernanfabra@example.org,+34 923 41 02 20
875,Matilde Franco,tfigueras@example.com,+34 972 08 73 15
876,Patricio Pomares-Bilbao,cristobal18@example.org,+34 856996518
877,Clementina Múgica Alemán,david00@example.org,+34 943 771 782
878,Otilia del Anglada,pizarroquique@example.net,+34 945 059 194
879,Sara Andrés Baeza,carmonaroque@example.net,+34 843 791 710
880,Rosario Muñoz-Artigas,turibe@example.org,+34 983779028
881,Amando Izquierdo Espada,ramonelodia@example.com,+34 844826892
882,Manolo Quiroga Toro,gironarafa@example.org,+34920 79 50 50
883,Augusto Velázquez Núñez,amadoescribano@example.com,+34848 07 51 32
884,Nilo Fortuny Pérez,debora54@example.com,+34978091655
885,Álvaro Bayón Ramis,piedad81@example.com,+34 847 63 58 31
886,Cebrián Villar Catalá,cantonreinaldo@example.org,+34926 720 961
887,Florentino Barba Casares,alvarezfabiana@example.com,+34 886 194 048
888,Anabel Guijarro,iballesteros@example.org,+34 871750271
889,Jose Luis Mayoral,ugarmendia@example.com,+34981 799 451
890,Ramiro Lara-Cid,victoriapineda@example.net,+34866 725 650
891,Gilberto Cortina Antón,benigna83@example.com,+34988 714 084
892,Pancho Juan Pablo Aguiló Marquez,jodareva-maria@example.com,+34 882 586 140
893,Florinda Carrillo,leandradiego@example.com,+34842 03 09 63
894,Gerónimo Abril,rosendagiron@example.com,+34 876 81 47 37
895,Calixta Soler-Pons,bcorbacho@example.net,+34 977 038 177
896,Atilio Ureña Blanch,eric86@example.com,+34 948 48 23 79
897,Eduardo Blazquez Miralles,virginia45@example.net,+34945 28 72 59
898,Luz Amador Bernal,tristanjaen@example.net,+34 882 904 581
899,Adelia del Goñi,aurea53@example.net,+34 849 522 668
900,Remigio de Cervera,jonatan46@example.org,+34920689518
901,Hector Granados Río,dulce08@example.net,+34 984 07 68 20
902,María Pilar Fernández Campos,grandecelia@example.com,+34 981383514
903,Modesto Ferrán Quirós,upallares@example.org,+34 900 30 40 55
904,Bienvenida Palma Garzón,dianacardona@example.org,+34 803 66 14 85
905,Rosario de Bayón,hurtadomaria-cristina@example.com,+34944 941 982
906,Carmelita Salom-Buendía,eliasvigil@example.net,+34849 14 12 62
907,Ricarda del Rubio,goyotormo@example.com,+34 825 537 729
908,Lola Manzano Rocha,timoteo87@example.net,+34 986 38 52 18
909,Ulises Vazquez-Pont,eustaquioarribas@example.com,+34 942785739
910,Félix Clavero Campo,jlloret@example.org,+34961 81 72 67
911,Maite del Arévalo,lopecastro@example.org,+34 987726792
912,Rodolfo Armando Carreras Bartolomé,galianoconstanza@example.com,+34 923 267 648
913,Itziar Heredia,albinoescudero@example.com,+34 873363781
914,Maximino Pavón,imelda81@example.net,+34849 659 785
915,Bruno Feliu Rozas,che62@example.com,+34 847 029 238
916,Ricardo Moraleda Mata,verabou@example.net,+34873 10 33 36
917,Yésica Mulet Chamorro,fvillaverde@example.org,+34825 59 04 43
918,Sabas Sanz Narváez,marc86@example.com,+34882642912
919,Emilio Hervia-Marcos,alfarocandido@example.org,+34803 10 40 81
920,Teobaldo Gallo Mascaró,salvadorherminio@example.net,+34887 861 011
921,Heliodoro Elías Campoy Dalmau,saezmaria-manuela@example.com,+34846 779 456
922,Fabiola Galán,puentevictor@example.org,+34823 96 01 67
923,Flor Camacho Gracia,aristidespareja@example.com,+34844162000
924,Sabas Manrique Morcillo,antunezgerardo@example.com,+34946 63 92 57
925,Marciano Jose Pacheco Parejo,ibanmartorell@example.net,+34928 54 21 62
926,Blas Falcón Casanova,calista39@example.org,+34927 056 764
927,Cecilia Gabaldón Rius,anunciacion69@example.net,+34807 821 311
928,José Mari Dávila Giménez,rcanete@example.org,+34 866 459 306
929,Gil Lobo Bonet,etapia@example.org,+34 981 227 526
930,Agapito Abellán Ballester,charovazquez@example.org,+34 874 960 635
931,María Pilar Hernández Colomer,lbarba@example.com,+34 828 560 684
932,Severino Díez-Losada,regina16@example.org,+34 666 35 37 75
933,María José Pozo Doménech,iborrell@example.net,+34821 03 26 14
934,Jerónimo Pont Boix,rodriguezanselma@example.net,+34 971 91 85 38
935,Agustín Amor Palacio,halvarado@example.com,+34921086593
936,Darío Solé Peñalver,dionisiallado@example.net,+34825 080 600
937,Sarita Vallés Aragonés,mayoralflorencio@example.com,+34 727281572
938,Melchor Ibañez Aramburu,yessica18@example.net,+34884396656
939,Fito Santamaria,bchacon@example.com,+34 865154404
940,Noelia Ferreras Céspedes,palomaripoll@example.com,+34 849 20 68 16
941,Primitivo Céspedes Iborra,wsegovia@example.net,+34985 241 902
942,Rodrigo de Pujol,mboada@example.org,+34706 931 450
943,Adoración del Aguilar,torralbafelicia@example.org,+34824 46 37 47
944,Renata Chelo Gimeno Palau,eagustin@example.net,+34977 749 202
945,Emilia Alarcón Barranco,peraanselmo@example.net,+34923 145 796
946,Remigio Pelayo-Navarro,aura21@example.org,+34853531060
947,Gaspar Aguirre Córdoba,gilabertani@example.com,+34 942 31 18 15
948,Rocío Blanco Carpio,scarlos@example.org,+34977 340 296
949,Narciso Riquelme Ferrando,zgargallo@example.com,+34876 132 069
950,Manuel Carro Casanovas,anselmo21@example.org,+34927 20 04 79
951,Ruperta de Montoya,verabernabe@example.org,+34843 748 459
952,Gil Páez Alfaro,zgonzalo@example.net,+34878 451 188
953,Joaquín Miró Echeverría,valencialupe@example.net,+34876 42 71 51
954,Carlota Palmer Cuesta,viniguez@example.net,+34862 759 600
955,Teo Carrión Llamas,tatianaamador@example.com,+34 717335429
956,Yaiza Luisina Villanueva Rincón,miguelalmansa@example.net,+34 984 117 211
957,Andrés Céspedes Torrents,xmugica@example.net,+34 712 195 681
958,Joaquín Gordillo Pedraza,bpineiro@example.net,+34 975 03 92 33
959,Gerónimo Francisco Javier Losada Juan,paco97@example.net,+34 983136558
960,Cecilia Ros Martín,maytegonzalez@example.net,+34 983 30 32 84
961,José Antonio Olmedo-Estevez,eusebio31@example.org,+34977998206
962,Aurelia Parra Salom,elvira00@example.org,+34 900 12 22 95
963,Olivia Blanco Arco,aalvaro@example.net,+34901 14 05 56
964,Marcelino Tapia-Lumbreras,qgelabert@example.net,+34882 321 306
965,Trinidad Salvador Porras,sarevalo@example.com,+34827 806 136
966,Jaime Torrijos Moraleda,elpidiomelendez@example.com,+34 862 318 149
967,Azahar Torrecilla Montalbán,robertarozas@example.net,+34826 058 276
968,Gema Valls Diez,ester02@example.net,+34973 64 27 55
969,Emilia Nadal Báez,hilda46@example.org,+34982 920 120
970,Josep Fabregat Reig,rosariovalle@example.com,+34824 95 81 71
971,José Manuel Escobar Ayuso,josefinaalfonso@example.net,+34932 813 884
972,Nico Gil Casal Lobo,pguijarro@example.org,+34873 17 65 52
973,Maricruz Río Anguita,arocaleonor@example.org,+34902 572 857
974,Isabel Real-Puga,jesus65@example.org,+34 975182808
975,Odalys Campoy,rolandocampillo@example.org,+34915 33 66 12
976,Jacinto Galván Esteve,manuel92@example.org,+34 711 023 928
977,Valeria Pablo Calvet,elobo@example.com,+34963859761
978,Sonia Gilabert,albertoalmansa@example.net,+34 962 652 618
979,Encarna Manjón Rozas,herviajordana@example.org,+34 821 40 17 69
980,Ricardo Valera,isaiasaparicio@example.org,+34985801998
981,Aura Adadia Manso,equintana@example.com,+34 926 752 299
982,Macario de Millán,encarnita48@example.net,+34873452407
983,Agustín Jover Valdés,vallemaura@example.com,+34 978664739
984,Primitiva Rosaura Pol Montoya,andrea49@example.com,+34922927870
985,Tecla Matas Díez,madridleocadia@example.org,+34 847 688 922
986,Pastora Bernarda Soto Rocha,zvigil@example.com,+34942 825 268
987,María Manuela Blázquez Ribes,estrella20@example.com,+34987 292 095
988,Román Contreras Benitez,josefa10@example.com,+34967 228 795
989,Jose Luis Coello Gutiérrez,marita54@example.net,+34 873090084
990,Alfonso Lalo Muñoz Salazar,balduinomontes@example.net,+34 926 019 839
991,Marina Jove Talavera,juancayetano@example.net,+34 811 89 63 49
992,Palmira Verónica Gil Puerta,juan-manuelferrero@example.org,+34 874 218 250
993,Adán Torralba Morcillo,rosalia46@example.net,+34 828082218
994,Vasco Manzano Alberdi,ogelabert@example.net,+34 920 98 86 37
995,Nacho Bonilla Catalá,carmonaalberto@example.com,+34975727700
996,Amanda Acosta Segarra,eutropioguzman@example.net,+34 873 344 292
997,Antonia Marina Sacristán Duran,kbautista@example.net,+34945 99 02 80
998,Adora Montaña Escribano,concepcionurena@example.org,+34 828053321
999,Pelayo Mariscal Roman,cristinaroig@example.net,+34827 04 91 97
1000,Tristán Carlos Sarmiento,blancapelayo@example.org,+34943 67 75 48
