id,nombre,descripcion,precio
1,Universal multi-state monitoring,Illum animi occaecati cumque ex porro reiciendis.,79.60744
2,Organic explicit time-frame,Quas esse ullam necessitatibus.,33.70985
3,Extended optimizing concept,Ex ipsam natus eligendi aut eaque.,46.72253
4,De-engineered motivating moratorium,Ad provident accusamus voluptatibus minus dolor.,79.97736
5,Fully-configurable bandwidth-monitored hub,Ipsam in eveniet delectus nulla ipsum.,23.03148
6,Realigned non-volatile Graphic Interface,Quam nisi odit possimus delectus.,41.93376
7,Persevering maximized moratorium,Unde maiores exercitationem sint.,31.06347
8,Cross-group 5thgeneration circuit,Suscipit asperiores quo qui commodi excepturi debitis.,84.15345
9,Horizontal asymmetric complexity,Saepe sit corrupti quibusdam necessitatibus eos repudiandae.,83.31082
10,Multi-layered 5thgeneration methodology,Tempora odit ex corporis quisquam nisi nisi aliquid.,40.55612
11,Reverse-engineered incremental strategy,Non facere nisi atque tenetur nemo doloribus.,26.33105
12,Profit-focused upward-trending interface,Hic ad doloremque pariatur quo molestias quod pariatur.,49.10884
13,Inverse disintermediate installation,Ipsum architecto distinctio doloremque consequatur.,41.00926
14,Face-to-face next generation monitoring,Quam explicabo excepturi est voluptate quisquam repellendus optio.,85.73361
15,Ameliorated full-range artificial intelligence,Fugiat repudiandae facilis voluptatum quis consequuntur.,19.75631
16,Digitized responsive paradigm,Culpa voluptatibus nihil provident reiciendis.,45.43612
17,Synergistic grid-enabled leverage,Rerum saepe neque commodi nobis adipisci.,95.26802
18,Function-based hybrid portal,Adipisci eligendi reprehenderit accusamus nihil sed aut.,48.19904
19,Universal heuristic extranet,Amet maxime eius similique cum magni.,41.69636
20,Streamlined multimedia algorithm,Officiis id iure harum deserunt deleniti.,74.96154
21,Enhanced didactic strategy,Excepturi at sequi in id sint dolorem nostrum.,31.08684
22,Cross-group mission-critical encryption,Eum qui tempora laboriosam quis.,89.88652
23,Organic radical flexibility,Voluptatibus minus esse consequatur.,93.17927
24,Universal client-driven process improvement,Sint ex voluptates voluptate est pariatur.,41.31939
25,Cross-platform intangible ability,Nesciunt similique culpa.,25.67212
26,Synergized next generation archive,Nobis cum omnis rem.,62.58077
27,Multi-lateral bandwidth-monitored Graphical User Interface,Placeat fugit nisi voluptatibus beatae.,61.12787
28,Networked intermediate extranet,Consequatur atque in recusandae expedita atque sit.,70.95854
29,Expanded fault-tolerant alliance,Quibusdam culpa corporis architecto possimus soluta ut.,11.93985
30,Persistent asymmetric matrices,Ut et dignissimos incidunt voluptatum nam quod.,25.41544
31,Switchable explicit project,Atque omnis voluptatum.,83.4211
32,Centralized user-facing website,Explicabo fuga est cum consequuntur occaecati aut.,12.64535
33,Automated high-level website,Voluptate nihil nisi minima sed deserunt illo.,69.25392
34,Face-to-face coherent software,Explicabo eius porro doloribus eaque tempore non.,25.74714
35,Programmable empowering middleware,Cumque quisquam temporibus hic voluptates voluptates beatae.,15.64846
36,Decentralized content-based definition,Nobis tempora quam labore et saepe magnam.,33.4547
37,Expanded optimal matrices,Maiores reprehenderit ea alias architecto placeat.,75.28975
38,Enhanced interactive migration,Dolor hic nemo sed itaque.,57.96991
39,Cloned holistic middleware,Sit neque quod repudiandae porro nemo sint.,28.59237
40,Re-engineered methodical archive,Voluptas exercitationem praesentium.,64.78053
41,Adaptive hybrid superstructure,Saepe quo magnam reprehenderit sed nam.,17.485
42,Quality-focused 24hour architecture,Non accusantium suscipit sint similique.,87.88959
43,Profound even-keeled projection,Laborum aspernatur accusantium et.,22.9944
44,Monitored 3rdgeneration hierarchy,Quo tempora adipisci iusto.,74.16262
45,Seamless web-enabled customer loyalty,Aliquam harum consequuntur nam maiores ullam.,88.31306
46,Adaptive regional access,Ipsum hic amet officiis perspiciatis minima dolore.,37.33934
47,Distributed human-resource installation,Voluptatibus porro odit voluptates.,54.56675
48,Future-proofed client-driven implementation,Praesentium ea quisquam non explicabo deleniti reiciendis amet.,31.90371
49,Streamlined mobile info-mediaries,Quod quidem recusandae iusto cum dicta.,14.70188
50,Reverse-engineered context-sensitive firmware,Perspiciatis reprehenderit necessitatibus amet eaque soluta.,55.36452
51,Sharable demand-driven forecast,Repudiandae deserunt maxime blanditiis doloremque vero.,64.68552
52,Enhanced content-based benchmark,Temporibus qui possimus veniam dolores optio ex.,80.85062
53,Sharable bi-directional ability,Recusandae tempora cupiditate quisquam pariatur non consequatur.,79.93845
54,User-friendly multi-tasking middleware,Officiis incidunt sequi voluptate.,12.99517
55,Digitized transitional migration,Deserunt et consectetur repellendus tempora.,31.63331
56,Advanced transitional framework,Tenetur nulla natus officiis.,66.88596
57,Reactive asymmetric architecture,Necessitatibus aliquam a necessitatibus eos provident illo at.,74.01306
58,Ameliorated hybrid collaboration,Fugit tenetur accusantium nesciunt impedit placeat.,82.18646
59,Compatible interactive protocol,Earum accusantium nam magni.,74.76289
60,Vision-oriented bottom-line implementation,Unde quis tempora a.,17.68802
61,Progressive scalable encoding,Accusamus laboriosam quidem error perferendis.,84.80955
62,Universal grid-enabled frame,Voluptatibus autem excepturi pariatur eaque maxime nobis.,26.00009
63,Inverse zero-defect functionalities,Eaque quo et esse.,83.77054
64,Balanced cohesive projection,Animi officiis accusamus nobis.,81.6807
65,Innovative radical support,Eaque harum numquam voluptate fugiat odit ad voluptates.,54.07778
66,Centralized holistic conglomeration,Quisquam tempore occaecati.,54.51956
67,Universal 3rdgeneration moderator,Aut assumenda mollitia deleniti soluta.,32.718
68,Multi-lateral disintermediate orchestration,Temporibus rem illo molestiae.,75.96286
69,Total neutral strategy,At maiores aut cumque quaerat.,50.42048
70,Mandatory grid-enabled software,Quidem nesciunt doloremque temporibus sequi quod iste.,95.93516
71,Profound bottom-line Graphic Interface,Sunt reiciendis porro voluptate expedita cum voluptas.,30.11665
72,Virtual heuristic budgetary management,Quis porro quaerat eum.,55.06757
73,Enterprise-wide encompassing initiative,Delectus tenetur nostrum repudiandae voluptatem in ex.,13.09993
74,Phased local protocol,Aperiam repellat ullam reprehenderit doloribus quos.,31.05434
75,Sharable context-sensitive utilization,Rerum architecto error quasi.,56.61537
76,Focused executive database,Laudantium fugiat magni optio iusto officiis expedita.,39.81029
77,Focused value-added definition,Quae ullam iure nisi placeat maiores doloremque.,44.75803
78,Advanced uniform protocol,Voluptatum enim consequatur sunt suscipit dolore saepe.,60.916
79,Distributed 24hour productivity,Sed nostrum suscipit.,89.70748
80,Innovative high-level functionalities,Nobis tenetur quod unde odio.,41.72851
81,Managed bi-directional strategy,Nobis dicta quae doloremque laudantium.,93.18906
82,Assimilated methodical core,Vitae earum nihil molestiae quod maxime.,15.01406
83,Persistent value-added product,Tempora eum dolorum cupiditate autem dolores id magni.,84.48263
84,Self-enabling mobile knowledgebase,Saepe quod voluptas eum odio id.,93.96091
85,Open-architected methodical service-desk,Ratione autem perspiciatis error eum omnis.,11.72677
86,Customizable solution-oriented paradigm,Suscipit dolores eius consequuntur laudantium illo esse numquam.,42.89111
87,Expanded transitional Internet solution,Explicabo blanditiis porro cumque blanditiis error nostrum.,78.56993
88,Cross-platform dynamic adapter,Voluptatem quas tenetur culpa cupiditate nulla.,11.45133
89,Expanded 4thgeneration focus group,Quae numquam adipisci.,21.87968
90,Mandatory logistical circuit,Repudiandae vel blanditiis.,66.27667
91,Ergonomic real-time function,Reprehenderit possimus voluptas occaecati reprehenderit ipsum.,39.84777
92,Horizontal neutral Internet solution,Repellat facilis iste fugit ipsam omnis.,95.70508
93,Phased optimal interface,Eos qui illum recusandae sequi.,25.6552
94,Advanced solution-oriented ability,Dicta ullam expedita nostrum aspernatur repellendus.,99.93539
95,Exclusive demand-driven product,Nemo blanditiis laborum vel voluptatibus animi libero.,46.50553
96,Enhanced even-keeled throughput,Odio pariatur quia cupiditate nisi.,19.604
97,Profit-focused dedicated service-desk,Sit incidunt quam voluptate quod voluptatibus.,56.13794
98,De-engineered tertiary framework,Officia eveniet reprehenderit impedit voluptate cupiditate neque ipsum.,67.96155
99,Managed bottom-line concept,Voluptatibus assumenda maxime repudiandae.,37.54532
100,Inverse 3rdgeneration hardware,Corrupti odio et odit.,60.89025
101,Networked dedicated monitoring,Quia quaerat dolorem suscipit repellendus perferendis.,70.61775
102,Ameliorated web-enabled artificial intelligence,Nihil labore nostrum aperiam nemo asperiores veritatis.,57.01136
103,Synchronized impactful superstructure,Provident veritatis ea alias ratione illum.,60.43378
104,Automated stable algorithm,Totam dignissimos voluptas sint voluptate ex.,67.67624
105,Virtual tertiary circuit,Eos deserunt adipisci dolorum soluta odit.,24.91277
106,Multi-layered executive software,Enim occaecati cum.,75.29904
107,Pre-emptive global portal,Quidem officia facilis sunt velit.,65.75935
108,Business-focused empowering database,Sunt ullam eligendi quod autem.,66.07711
109,Team-oriented intermediate parallelism,Reiciendis rerum quis soluta id porro.,94.87064
110,Open-architected zero tolerance interface,Explicabo esse quasi voluptas doloremque nemo quasi.,23.67673
111,Visionary web-enabled artificial intelligence,Facilis in voluptatem voluptatem eveniet maxime magnam accusantium.,15.21347
112,Open-source modular synergy,Praesentium nobis nemo natus ducimus inventore.,99.32866
113,Advanced interactive protocol,Neque harum nobis asperiores.,73.94276
114,De-engineered global hardware,Tenetur temporibus provident iste suscipit mollitia placeat.,83.77953
115,Devolved next generation knowledgebase,A sequi accusamus itaque.,99.23828
116,Quality-focused bi-directional budgetary management,Consequuntur rem sint in possimus.,39.30252
117,Configurable client-server leverage,Minima consequuntur unde sunt veritatis est ducimus.,40.9597
118,Adaptive directional product,Quo magni quos occaecati possimus possimus.,29.01871
119,Profit-focused client-server contingency,Minus dolorum rerum mollitia officia in libero.,95.56437
120,Seamless executive architecture,Inventore quis placeat repellat neque magni veritatis.,24.93543
121,Reduced national model,Expedita esse delectus tenetur.,65.25159
122,Balanced exuding core,Nulla officia fugiat nemo voluptates architecto tempora.,52.36621
123,Automated cohesive interface,Beatae placeat ad blanditiis similique nulla eum.,36.89328
124,User-friendly radical functionalities,Amet accusantium ducimus.,12.27548
125,Innovative analyzing open system,Voluptatem distinctio a ipsa harum optio exercitationem.,10.87421
126,Public-key multi-tasking hardware,Veniam eum suscipit deserunt laborum inventore quibusdam.,32.97806
127,Devolved global algorithm,Saepe dolorem commodi accusamus fugiat similique eaque.,32.48907
128,Object-based full-range knowledge user,Ad deleniti consectetur eveniet asperiores illum.,27.40448
129,Right-sized systemic structure,Id porro tempora reprehenderit.,79.2919
130,Triple-buffered systematic benchmark,Rerum harum eum quos repellendus officiis cum.,95.38376
131,Programmable mobile analyzer,Qui eligendi saepe ab magnam impedit consectetur.,52.67681
132,Multi-channeled coherent focus group,Repellendus iusto quo labore nobis id.,71.4117
133,Business-focused background knowledge user,Corrupti quo temporibus accusantium sequi.,40.97581
134,Re-contextualized impactful productivity,Illum dolores ex nesciunt.,93.72958
135,Face-to-face uniform throughput,Molestiae sequi repellat nemo eius eum eum velit.,60.06268
136,De-engineered systemic monitoring,Corrupti debitis numquam similique autem dolor.,88.72321
137,Ergonomic optimizing application,Nesciunt iure inventore maxime quidem sapiente nostrum facilis.,24.85224
138,Operative even-keeled Internet solution,Voluptatibus ut expedita incidunt possimus officia quae porro.,73.74348
139,Inverse disintermediate synergy,Deserunt tempore mollitia veritatis cum fuga.,11.19113
140,Integrated composite adapter,Porro expedita nemo a eveniet nobis.,11.90593
141,Upgradable explicit ability,Necessitatibus dicta tempora totam commodi ducimus vitae.,11.25214
142,Persistent background projection,Commodi commodi assumenda placeat veritatis repellendus.,86.0446
143,Cloned modular system engine,Cupiditate architecto sequi libero voluptas.,77.10639
144,Operative needs-based archive,Voluptates deleniti a consequatur quos.,97.26885
145,Persevering radical forecast,Corporis possimus omnis beatae porro aliquam consequatur.,60.41071
146,Sharable multimedia access,Tempora architecto adipisci nesciunt in.,85.40664
147,Ameliorated tertiary info-mediaries,Reiciendis excepturi labore modi.,33.74864
148,Front-line bi-directional data-warehouse,Atque doloremque quidem ratione dolorum fugit reiciendis.,37.80859
149,Extended leadingedge knowledgebase,Quam numquam illo quod impedit ipsum.,71.3337
150,Secured client-driven complexity,Vitae omnis unde rerum natus modi quas.,77.2615
151,Vision-oriented regional moratorium,Provident tempora modi id.,52.11638
152,Optimized 3rdgeneration leverage,Corrupti voluptas id ducimus exercitationem nulla.,77.90984
153,Triple-buffered transitional throughput,Et quia omnis libero quibusdam hic.,73.28014
154,Centralized client-server instruction set,Ut consequatur nemo et ipsum tenetur.,19.6267
155,Vision-oriented fresh-thinking Internet solution,Aperiam consectetur placeat dolorem.,44.27136
156,Operative object-oriented emulation,Porro architecto doloribus sapiente dolores molestias.,82.54122
157,Customer-focused high-level protocol,Enim voluptatibus iste maxime ex.,42.25401
158,Polarized mission-critical encryption,Nesciunt explicabo sequi occaecati vitae nemo culpa.,35.59901
159,Realigned neutral standardization,Dolores perferendis quidem natus.,78.47959
160,Triple-buffered cohesive forecast,Explicabo odio cum animi corrupti veritatis.,76.48552
161,Down-sized value-added structure,Quo delectus excepturi numquam doloremque.,63.73772
162,Programmable methodical service-desk,Modi nesciunt quasi ut.,29.17741
163,Object-based stable Graphic Interface,Quibusdam blanditiis reiciendis exercitationem cum modi.,52.42343
164,Ergonomic bottom-line monitoring,Suscipit inventore officiis ratione doloribus sequi vel mollitia.,39.10387
165,Fully-configurable value-added adapter,Laboriosam voluptatem eveniet porro autem vero facere.,77.08572
166,Synchronized multimedia project,Ullam autem commodi odio nihil incidunt.,39.00885
167,Quality-focused high-level matrix,Veritatis sapiente debitis aperiam aliquam iusto.,51.49357
168,Extended fresh-thinking support,Ullam fugit eveniet.,29.57169
169,Virtual leadingedge leverage,Temporibus iusto hic error sunt.,82.94577
170,Open-architected radical help-desk,Nesciunt harum tempore nihil.,62.52308
171,Mandatory non-volatile installation,Id esse animi libero dolores quos.,87.07491
172,Re-contextualized hybrid groupware,Minima sit nulla dolorum.,16.44473
173,Team-oriented modular leverage,Dolorum rerum laudantium ipsum officiis.,61.81262
174,Versatile optimizing service-desk,Quasi commodi consequatur optio.,76.46252
175,Customer-focused full-range superstructure,Minus consequatur fugiat alias tempore mollitia.,42.61155
176,Self-enabling maximized knowledge user,Nulla unde minus repudiandae incidunt.,19.19017
177,Quality-focused motivating infrastructure,Ut assumenda mollitia eius culpa officia ducimus laudantium.,18.39511
178,Implemented 3rdgeneration capability,Adipisci autem ratione nobis praesentium assumenda.,26.02433
179,Networked intangible data-warehouse,Explicabo voluptas magnam quos explicabo similique.,23.08627
180,Reduced empowering superstructure,Officia eum facilis praesentium maxime incidunt placeat.,32.52513
181,User-friendly actuating concept,Itaque deserunt voluptatem corporis iure voluptatum.,49.15413
182,Exclusive zero administration budgetary management,Quae animi iure culpa aliquid soluta.,15.86604
183,Horizontal local focus group,Doloremque ullam ipsum recusandae nisi quo facilis.,74.39262
184,Switchable didactic task-force,Fuga perspiciatis vero quisquam numquam.,53.36782
185,Synchronized national model,Velit maiores error.,28.83368
186,Mandatory bifurcated application,Eum sequi occaecati.,97.33882
187,Right-sized impactful artificial intelligence,Non tenetur architecto architecto odit provident.,50.51539
188,Mandatory motivating capability,Hic odit itaque magnam ea.,30.5679
189,Self-enabling foreground projection,Fugiat totam fugit odio illum dolor exercitationem.,91.55964
190,Virtual clear-thinking neural-net,Incidunt a a eaque aperiam omnis nobis.,76.18279
191,Multi-channeled global pricing structure,Quibusdam aliquam deserunt amet.,97.41113
192,Fundamental well-modulated moderator,Dolore harum nemo dolore dignissimos quidem quaerat.,63.4182
193,Optimized bi-directional Internet solution,Alias ad sed laboriosam.,38.2881
194,Focused regional synergy,Rem suscipit omnis veniam fugit.,19.03469
195,Multi-layered discrete info-mediaries,Soluta reprehenderit similique aliquam vero.,23.95149
196,Networked maximized alliance,Quae culpa numquam excepturi architecto tenetur.,68.3358
197,Reverse-engineered well-modulated paradigm,Provident culpa ipsum debitis.,77.87631
198,Devolved client-driven attitude,Molestiae cupiditate accusamus temporibus corrupti.,49.72003
199,Cross-platform scalable forecast,Commodi omnis ipsam a.,91.97902
200,Switchable 5thgeneration collaboration,Incidunt error facilis expedita tenetur deleniti.,22.32156
201,Devolved incremental open architecture,Omnis odio voluptates assumenda quod.,69.57095
202,Operative high-level product,Impedit tenetur atque voluptate soluta optio consectetur.,95.78132
203,Expanded interactive paradigm,Sed eaque ea atque.,82.16386
204,Reverse-engineered incremental benchmark,Voluptatem magnam vel optio quod aliquid explicabo dolor.,75.62886
205,Versatile coherent application,Nesciunt quibusdam ipsam officiis doloremque iure mollitia.,30.02906
206,Self-enabling directional instruction set,Aliquam pariatur voluptatum occaecati rerum.,83.78955
207,Secured upward-trending benchmark,Eius dolor quos vero similique.,36.06114
208,Exclusive background website,Hic facilis enim asperiores.,25.7355
209,Open-architected context-sensitive knowledge user,Odio dolor facere molestiae.,44.17949
210,Streamlined object-oriented attitude,Exercitationem iusto ad consequatur commodi dolor nam.,11.48869
211,Automated client-server Local Area Network,Fuga aliquid dolore dignissimos nostrum.,10.69265
212,Configurable motivating throughput,Incidunt illo vel nulla quae.,86.37231
213,Monitored executive alliance,Nobis similique dolore dolores aliquid placeat distinctio.,64.36971
214,Function-based disintermediate definition,Provident nulla voluptates.,47.1922
215,Grass-roots needs-based methodology,Quos quaerat accusamus facere cumque.,41.39212
216,Managed multi-state firmware,Id ea reprehenderit veniam error voluptate.,38.59193
217,Switchable upward-trending archive,Dolores iure voluptatum ipsam minus fugiat laboriosam exercitationem.,95.41919
218,Enhanced heuristic protocol,Doloremque ratione non.,99.8894
219,Progressive analyzing policy,Numquam excepturi voluptates totam quaerat nostrum sit.,21.19005
220,Advanced composite forecast,Id maiores facilis optio placeat saepe aliquam.,51.83213
221,Optimized 24/7 structure,Quam recusandae ab fugit nostrum.,92.72121
222,Open-source 5thgeneration complexity,At voluptas molestiae.,25.51699
223,Persevering content-based service-desk,Aperiam provident molestiae numquam impedit ad eum.,70.49082
224,Devolved content-based software,Unde nostrum distinctio.,85.53755
225,Reverse-engineered cohesive ability,Rem pariatur ratione eligendi nesciunt molestiae nesciunt.,41.50693
226,Phased dedicated Graphic Interface,Expedita fugiat distinctio similique in ipsa repudiandae.,32.80974
227,Future-proofed regional help-desk,Esse pariatur molestiae placeat architecto adipisci.,71.49708
228,Customer-focused foreground definition,Temporibus quo fugit expedita itaque adipisci.,71.28749
229,Fundamental encompassing monitoring,Nemo repellat corporis.,69.61859
230,Digitized asymmetric approach,Dicta in alias.,43.14818
231,Function-based background website,Autem dicta velit quam laudantium eius.,96.36232
232,Cloned directional throughput,Cupiditate officiis ducimus temporibus consectetur ex.,75.89609
233,Stand-alone web-enabled instruction set,Ullam dolores porro dolorum esse.,97.44603
234,Open-source stable data-warehouse,Ipsa libero distinctio nobis.,13.03589
235,Cross-platform maximized capability,Nisi culpa tenetur.,66.18101
236,Team-oriented radical frame,Quos provident facilis molestias asperiores.,81.14389
237,Grass-roots grid-enabled process improvement,Consequatur quo consequuntur odit.,11.84167
238,Advanced bifurcated conglomeration,Totam rerum veniam veniam cupiditate ab.,82.24589
239,Fully-configurable national throughput,Perspiciatis numquam quisquam placeat velit.,39.45081
240,Re-engineered analyzing complexity,Provident voluptates blanditiis quidem beatae.,13.07571
241,Multi-channeled client-server knowledge user,Dicta repellendus eveniet delectus sequi atque sint.,83.9226
242,Profound hybrid conglomeration,Mollitia optio incidunt unde sunt nulla itaque.,29.03144
243,Future-proofed object-oriented firmware,Laboriosam odio aliquam reprehenderit corporis a.,80.09485
244,Multi-lateral human-resource algorithm,Quod facere veniam sapiente excepturi.,33.56565
245,Triple-buffered 24hour moratorium,Praesentium magni ipsa soluta possimus optio.,82.39817
246,Organic bifurcated alliance,Consequuntur aspernatur rerum.,43.28818
247,Managed bifurcated project,Voluptas numquam tempora repudiandae distinctio.,59.71276
248,Automated methodical success,Laborum dicta quod eligendi.,84.05392
249,Multi-layered neutral forecast,Doloribus totam odio voluptates.,88.58356
250,Team-oriented radical open system,Harum officiis omnis quae placeat dolorum.,70.4748
251,Public-key coherent time-frame,Quo iusto nulla exercitationem saepe.,91.29413
252,Fully-configurable client-driven success,Adipisci quasi a quod.,54.68515
253,Re-contextualized exuding leverage,Architecto nisi eligendi nesciunt ab officiis.,77.90517
254,Horizontal optimizing support,Sint distinctio excepturi consequuntur dolor nemo vitae.,30.90416
255,Organic user-facing project,Quam iure quia veritatis omnis facere.,17.58214
256,Customizable encompassing implementation,Sunt harum ipsa libero porro explicabo.,79.10882
257,Networked 24hour service-desk,Quam culpa minima odio.,94.73046
258,Self-enabling empowering Graphic Interface,Aliquid eligendi architecto ipsa maiores.,13.16444
259,Integrated disintermediate function,Totam repudiandae provident vel cum.,79.39744
260,Sharable grid-enabled methodology,Qui tenetur repudiandae saepe magni dicta laudantium.,61.6549
261,Cross-platform context-sensitive intranet,Porro repellat aspernatur sed hic repudiandae et excepturi.,43.74185
262,Organized context-sensitive help-desk,Modi deleniti quasi nemo non.,24.3601
263,Versatile client-server project,Deleniti corporis adipisci nisi.,40.02579
264,Centralized multi-state Graphic Interface,Fugiat rem harum incidunt repudiandae.,52.25462
265,Decentralized human-resource attitude,Reprehenderit aliquid doloribus quaerat at reprehenderit nesciunt.,33.95967
266,Adaptive exuding standardization,Assumenda aperiam pariatur cupiditate doloremque aperiam earum expedita.,32.69166
267,Synchronized systemic utilization,Ut itaque voluptas numquam ratione velit aliquam.,56.56215
268,Integrated non-volatile intranet,Iure eius perspiciatis rem temporibus iste ipsum.,22.00339
269,Grass-roots eco-centric functionalities,Sapiente perspiciatis autem.,61.46446
270,Polarized impactful infrastructure,Beatae deleniti ullam impedit.,28.50999
271,Operative logistical functionalities,Tenetur temporibus sed vitae fugit voluptatem.,57.09604
272,Customer-focused asynchronous extranet,Officiis debitis dolore exercitationem pariatur.,29.01711
273,Enterprise-wide human-resource task-force,Debitis maxime iure dolorem.,21.82372
274,Intuitive static collaboration,Aspernatur fugit possimus eum.,81.56485
275,Up-sized national database,Fugit sit rem earum consequatur porro eius natus.,36.44574
276,Proactive heuristic moratorium,Est consequuntur veritatis ad.,30.67728
277,Triple-buffered real-time instruction set,Nesciunt esse nisi voluptas dolorum repellat numquam.,53.57357
278,Ameliorated needs-based methodology,Quia a quaerat quos et repudiandae.,67.89029
279,Optional next generation throughput,Error corrupti blanditiis amet officiis.,62.57955
280,Seamless zero tolerance capacity,Rerum excepturi aliquam iste.,48.37103
281,Grass-roots empowering budgetary management,Alias mollitia repellat qui libero fugit perferendis.,29.30871
282,Decentralized background benchmark,Excepturi laborum laboriosam officia ratione a.,11.93113
283,Object-based actuating portal,Neque consequatur aliquid minus autem ipsum.,63.49998
284,Horizontal executive approach,Consequatur veniam beatae nihil.,19.62204
285,Profit-focused 4thgeneration matrices,Numquam harum assumenda consectetur soluta eius officiis minima.,90.3333
286,Universal local migration,Commodi vitae porro itaque.,67.19971
287,Up-sized 4thgeneration workforce,Reiciendis molestiae alias voluptates natus nesciunt.,60.01006
288,Distributed leadingedge function,Labore tenetur maiores neque saepe eius.,78.64295
289,Public-key 24hour budgetary management,Odio explicabo architecto harum quis dolorem.,48.11941
290,Extended directional extranet,Amet ex mollitia nesciunt ratione.,69.76865
291,Reactive zero-defect methodology,Non dolor possimus soluta molestias delectus nemo.,78.0071
292,Universal content-based leverage,Debitis labore architecto animi.,99.1175
293,User-friendly composite open system,Quos perferendis repellat sequi iusto doloribus sint.,51.44958
294,Programmable leadingedge circuit,Iste iste minima eum dolores perspiciatis.,73.20014
295,Diverse multi-tasking installation,Perspiciatis animi quidem quis inventore beatae soluta aperiam.,18.49763
296,Stand-alone bandwidth-monitored algorithm,Sed eos dolores esse consequatur.,67.5576
297,Progressive dynamic standardization,Ut eaque nemo harum porro fugit impedit.,33.03984
298,Front-line system-worthy support,Incidunt beatae quas tempora quod.,89.47799
299,Automated mobile support,Tenetur excepturi nesciunt magnam quia.,41.86201
300,Team-oriented 24/7 capability,Quaerat aut sunt.,18.75253
301,Customer-focused needs-based application,Necessitatibus fugiat error reiciendis nulla sequi.,20.20782
302,Multi-layered systematic benchmark,Odio sint quis eos itaque necessitatibus eligendi.,10.75527
303,Configurable incremental hardware,Quasi unde est ex.,80.28943
304,Focused impactful secured line,Rerum laborum unde culpa consectetur.,92.03052
305,Focused user-facing toolset,Fugit quos quo suscipit.,51.96623
306,Programmable attitude-oriented matrix,Distinctio sunt nostrum eum perferendis facilis unde.,98.84453
307,Innovative systemic Internet solution,Fugit nostrum quod corrupti dignissimos unde quisquam.,10.82184
308,Assimilated motivating firmware,Dolores optio reiciendis ullam aliquid.,19.31522
309,Seamless human-resource success,Voluptate ab asperiores ullam.,96.37341
310,Organic coherent migration,Sit adipisci consequatur tempore.,47.01319
311,User-friendly zero tolerance attitude,Aliquam explicabo quas facere unde repudiandae.,54.94673
312,Right-sized directional collaboration,Voluptates modi reprehenderit labore.,39.11528
313,Business-focused optimizing budgetary management,Iure doloribus porro consequuntur commodi ut corporis.,10.65824
314,Ameliorated bifurcated methodology,Eligendi numquam perferendis provident culpa cum dolorem.,92.18488
315,Ameliorated human-resource strategy,Nostrum dolorem non iusto pariatur repellendus.,29.17161
316,Reduced client-server Local Area Network,Eaque et voluptatem cumque odio saepe nisi.,80.82733
317,Multi-layered fresh-thinking implementation,Nobis magnam velit voluptatum ipsam.,91.17662
318,Multi-tiered executive monitoring,Nihil corporis sapiente omnis deserunt expedita.,31.22611
319,Open-source web-enabled strategy,Voluptatem dolore vero aut deserunt molestias.,15.59565
320,Networked regional toolset,Consectetur necessitatibus aut nobis.,48.00188
321,Automated stable conglomeration,Veritatis aliquam eligendi illum dolores officia voluptate.,17.7747
322,Multi-lateral static initiative,Adipisci quo pariatur in.,67.97021
323,Diverse clear-thinking methodology,Nesciunt error facilis distinctio ipsum.,69.49124
324,Automated dynamic conglomeration,Neque molestiae vel corporis voluptatum sit voluptates.,50.20401
325,Programmable regional product,Quo sunt accusamus voluptate.,53.89971
326,Multi-tiered 3rdgeneration parallelism,Ut corrupti eveniet architecto sequi doloribus nostrum.,12.09871
327,Sharable actuating function,Minus fuga minus est voluptatem.,20.42268
328,Reduced maximized time-frame,Excepturi aut sequi consequatur iure dolore natus.,26.40221
329,Customer-focused zero-defect circuit,Animi officia assumenda reprehenderit.,59.34566
330,Face-to-face homogeneous emulation,Ea atque fuga.,20.73738
331,Pre-emptive cohesive instruction set,Facere vel cum repellendus voluptatem.,52.38089
332,Visionary holistic solution,Vitae molestiae natus a.,79.10092
333,Distributed intangible collaboration,Nulla eligendi dolorem.,52.73654
334,Sharable bi-directional hardware,Illo alias eum iure.,30.65129
335,Enterprise-wide client-driven benchmark,Adipisci mollitia repellat reprehenderit.,79.03747
336,Synergistic hybrid function,Earum molestiae earum incidunt doloremque quasi officia neque.,92.15969
337,Versatile non-volatile software,Dignissimos voluptates quam repellat voluptatum atque reprehenderit.,49.10962
338,Upgradable asymmetric definition,Nobis illo unde alias.,69.44775
339,Organic client-server artificial intelligence,Dolore perspiciatis expedita nam reprehenderit quo quia.,32.90869
340,Inverse regional service-desk,Sequi corrupti mollitia odit voluptatem sunt vitae.,87.67515
341,Ameliorated responsive software,Dolores eveniet repudiandae animi fugit maxime qui.,51.847
342,Devolved explicit time-frame,Occaecati occaecati repellat assumenda excepturi id.,39.23015
343,Re-contextualized directional groupware,Quidem pariatur pariatur quibusdam adipisci eveniet consequuntur.,99.22774
344,Reverse-engineered dedicated utilization,Temporibus earum exercitationem illum fugiat.,65.80548
345,Synergistic global service-desk,Exercitationem deserunt sunt sequi aspernatur ab inventore tenetur.,74.73724
346,Universal 5thgeneration database,Cupiditate tenetur dolorem perferendis consequatur.,92.68051
347,Cross-platform local utilization,Asperiores beatae consequuntur a impedit facere.,59.87489
348,Reactive transitional knowledge user,Perspiciatis nihil dolores repellendus occaecati eius.,16.96312
349,Re-contextualized value-added circuit,Explicabo beatae mollitia dolor placeat fuga.,94.96238
350,Switchable foreground open system,Eos alias culpa debitis illo et aperiam dolorum.,34.05822
351,Open-source methodical algorithm,Commodi voluptatem reprehenderit.,63.11645
352,Reverse-engineered fresh-thinking strategy,Alias at quisquam nesciunt autem.,81.87939
353,Implemented high-level approach,Incidunt cum quas nisi ipsam quaerat.,43.7903
354,Multi-lateral client-driven implementation,Accusantium laudantium culpa minus quisquam vitae officiis cupiditate.,25.56655
355,Intuitive actuating firmware,Pariatur impedit assumenda asperiores velit.,40.12126
356,Cloned eco-centric circuit,Nostrum occaecati ullam accusamus cum.,57.50722
357,Polarized grid-enabled definition,Ex recusandae magnam nostrum quidem non fugiat.,73.58389
358,Networked exuding synergy,Quas consequuntur sequi earum doloremque doloremque.,56.16663
359,Secured fresh-thinking moderator,Sit cumque veritatis cumque officia aperiam saepe.,13.45543
360,Operative multimedia moratorium,Cum tempora laborum quisquam delectus necessitatibus.,38.78778
361,User-friendly asymmetric framework,Et sed modi odio sed.,72.9419
362,Multi-channeled holistic knowledge user,Iste perferendis accusamus alias sapiente consectetur inventore sequi.,60.00407
363,Sharable human-resource definition,Omnis doloremque unde unde in.,28.29752
364,Up-sized client-server installation,Veritatis odio ipsum ducimus eveniet optio ea.,35.51811
365,Open-architected fresh-thinking extranet,Quos consequuntur quam quas ut nostrum molestiae.,86.00711
366,User-centric analyzing moratorium,Aperiam cumque perspiciatis laborum voluptatem non eius.,40.26843
367,Business-focused value-added superstructure,Molestiae aliquid laudantium est libero id quibusdam.,89.94531
368,Virtual transitional customer loyalty,Incidunt dicta officiis velit eligendi modi a doloremque.,58.65162
369,Re-engineered methodical productivity,Quas consequatur nulla magnam rerum inventore.,38.4342
370,Extended upward-trending time-frame,Ea voluptatibus harum pariatur doloribus reiciendis.,34.11383
371,Intuitive intangible open architecture,Magni veritatis eum nihil.,99.11154
372,Fundamental zero administration service-desk,Temporibus nobis id sunt sit sunt unde.,32.10265
373,Organic dedicated intranet,Laborum laudantium voluptates eum vero asperiores fuga.,74.1542
374,Focused eco-centric matrices,Optio amet repudiandae ea aliquam nesciunt exercitationem illo.,95.16017
375,Mandatory systematic firmware,Nihil esse fugiat ipsa blanditiis libero numquam.,34.87289
376,Programmable executive open system,Necessitatibus necessitatibus tempore similique.,33.99448
377,Reactive intermediate encoding,Laboriosam nemo itaque voluptatem.,61.44705
378,Grass-roots 5thgeneration firmware,Eveniet eos sapiente harum ex.,89.32678
379,Exclusive 24hour service-desk,Illo dolorem in voluptas totam quod tempore.,89.07735
380,Implemented uniform portal,Consequuntur earum incidunt atque.,89.74128
381,Up-sized explicit parallelism,Modi quisquam amet in quos itaque.,12.48711
382,Virtual contextually-based definition,Sunt repellendus tempora maxime temporibus nostrum itaque placeat.,37.92453
383,Persevering demand-driven capability,Soluta eum iusto reprehenderit quis quidem totam.,37.30386
384,Universal explicit artificial intelligence,Velit itaque nesciunt quae provident ducimus.,83.78668
385,Synergistic background success,Vitae hic quaerat iure expedita illum facere.,48.50335
386,Polarized clear-thinking application,Quo magnam natus accusantium accusantium occaecati molestiae odio.,26.44613
387,Compatible tangible complexity,Soluta quia ea necessitatibus expedita ea delectus.,13.56182
388,Innovative systematic middleware,Iusto sint magni repellat aliquid laborum.,65.65685
389,Digitized contextually-based capacity,Commodi distinctio ad voluptas aperiam.,99.04885
390,Organized eco-centric Graphic Interface,Quasi sunt occaecati.,84.59521
391,Exclusive 24/7 system engine,Non animi laborum repudiandae.,50.46808
392,Business-focused incremental definition,Quas corporis ducimus nemo porro mollitia impedit.,36.11052
393,Profit-focused zero administration flexibility,Facere alias quia mollitia occaecati voluptas.,48.33238
394,Secured tangible service-desk,Nemo enim culpa a commodi assumenda.,90.56507
395,Fully-configurable solution-oriented Local Area Network,Iure sapiente necessitatibus occaecati quia ut reprehenderit.,93.64913
396,Cross-platform 24hour model,Rerum enim laborum a dolor assumenda placeat aliquam.,25.98062
397,Robust 5thgeneration workforce,Iste facilis officia voluptatem voluptate ex.,51.34618
398,Polarized contextually-based open system,Praesentium veniam ipsa cumque.,10.60406
399,Customizable attitude-oriented collaboration,Minus dolores eveniet sed aliquam.,84.29988
400,Innovative responsive process improvement,Consequuntur quasi perspiciatis qui non id inventore reprehenderit.,67.4132
401,Switchable systematic system engine,Id necessitatibus quas ut eos.,29.89474
402,Operative dynamic initiative,Aliquid itaque minima dolor mollitia est.,77.06256
403,Exclusive clear-thinking service-desk,Eius ab eligendi mollitia occaecati.,10.91684
404,Ergonomic multi-state core,Nemo consequuntur natus quisquam expedita.,83.88966
405,Automated incremental firmware,Fugiat quasi tenetur accusantium consequuntur praesentium dolore similique.,25.96256
406,Phased bottom-line encryption,Laboriosam eius ducimus velit placeat cupiditate voluptates.,45.61073
407,Re-engineered modular pricing structure,Nobis inventore harum dolorum tenetur voluptate.,50.08116
408,Proactive executive software,Vitae voluptates accusantium quos rerum.,98.26431
409,Pre-emptive object-oriented protocol,Quam labore provident officia molestiae quisquam consectetur.,70.53372
410,Distributed 5thgeneration portal,Similique quidem voluptate vel deserunt nulla.,75.73963
411,Face-to-face modular focus group,Deserunt alias officiis nisi quo sunt vero.,28.07554
412,Automated eco-centric flexibility,Aspernatur aut maiores amet.,64.35416
413,Function-based didactic model,Repellat tempora ipsam vitae quam consectetur eligendi amet.,14.06522
414,Horizontal value-added portal,Magnam soluta enim ut ullam non atque.,81.48208
415,Monitored bandwidth-monitored array,Consequuntur possimus sint quas eveniet.,28.38208
416,Secured discrete structure,Eligendi in deserunt fuga dolores.,33.00655
417,Enterprise-wide heuristic array,Quas officiis officia atque enim.,71.72759
418,Profound intermediate support,Veniam veritatis dignissimos illo perferendis autem molestiae.,10.58339
419,Customer-focused motivating productivity,Eaque porro distinctio sunt voluptatibus.,87.87453
420,Automated multi-tasking encryption,Inventore iure iure consequatur tempore.,24.4351
421,Polarized 6thgeneration parallelism,Ipsum enim quibusdam nam at.,43.75004
422,Mandatory 3rdgeneration model,Quia a nihil repellat soluta animi saepe modi.,72.10587
423,Mandatory zero-defect success,Tempora cupiditate similique consequatur ipsa ducimus consequuntur.,30.90862
424,Progressive maximized collaboration,Magni veniam in maxime molestiae.,67.32863
425,Synergized 24hour database,Laboriosam natus corporis molestiae.,65.54002
426,Object-based secondary challenge,Sit nesciunt nam quaerat dolorum.,47.7012
427,Object-based leadingedge Internet solution,Aliquam et iste eius.,73.54601
428,User-friendly optimizing middleware,Modi rerum sequi nobis occaecati.,57.8152
429,Grass-roots secondary capability,Repudiandae velit itaque quisquam iusto quis.,46.83695
430,Optional fault-tolerant strategy,Aperiam nulla nostrum corrupti fugit nam.,86.78689
431,Phased bi-directional standardization,Alias ipsa aliquid eius.,21.62895
432,Secured encompassing methodology,Pariatur magnam assumenda perferendis eligendi aperiam reprehenderit porro.,62.76484
433,Extended web-enabled instruction set,Fugiat aperiam magni alias tempore quibusdam rem.,86.68641
434,Mandatory tangible complexity,Distinctio voluptatum explicabo quas.,27.04478
435,Customizable multimedia toolset,Quis laboriosam et autem quam debitis fuga.,74.90612
436,Synchronized object-oriented conglomeration,Maxime quis suscipit nulla.,41.97901
437,Operative zero administration data-warehouse,Quidem commodi ratione eum repellendus cum tempora.,44.38039
438,Visionary web-enabled benchmark,In harum saepe asperiores perspiciatis.,44.47652
439,Optimized human-resource policy,Sed illo voluptas.,56.15758
440,Public-key leadingedge function,Reprehenderit occaecati voluptates harum sit.,16.70278
441,Focused solution-oriented hierarchy,Perspiciatis error nemo.,59.25481
442,Fundamental 5thgeneration encryption,Atque beatae tempore nostrum quidem dicta ducimus.,13.15161
443,Cloned fresh-thinking artificial intelligence,Praesentium ut dolore ad quia at.,16.61109
444,Synergized demand-driven interface,Quae aliquid tenetur.,77.70565
445,Vision-oriented object-oriented leverage,Quam officia tempora neque voluptatem dolorum molestiae.,14.25591
446,Public-key zero administration interface,Expedita explicabo doloremque corporis facilis a blanditiis.,84.88008
447,Realigned 5thgeneration adapter,Totam aut fuga perferendis id.,46.5583
448,Object-based actuating neural-net,Quisquam aspernatur cumque fugiat in.,53.75752
449,Compatible clear-thinking access,Voluptate explicabo vel.,95.50512
450,User-centric systemic collaboration,Vero quaerat tenetur magni saepe.,70.48645
451,Exclusive optimizing process improvement,Accusamus dolore esse cupiditate nam voluptatibus placeat.,93.60843
452,Cross-group encompassing function,In consequuntur voluptatem voluptatibus beatae et.,68.44754
453,Intuitive reciprocal Graphical User Interface,Non soluta labore totam.,76.59306
454,Down-sized next generation extranet,Laudantium fuga laudantium cupiditate.,79.5388
455,Organized heuristic structure,Quisquam unde voluptatem blanditiis molestias recusandae fugiat.,71.92058
456,Business-focused motivating access,Nam sequi accusantium id.,50.19584
457,Reduced secondary encryption,Vel beatae dolorem aperiam vitae.,93.05397
458,Diverse content-based array,Id officiis nesciunt ipsa assumenda recusandae ducimus.,99.21886
459,Devolved clear-thinking secured line,Veniam pariatur odio quia.,67.79157
460,Face-to-face hybrid hub,Perspiciatis vitae vero ab dolores.,25.41545
461,Future-proofed user-facing productivity,Aperiam assumenda ducimus itaque minima tenetur.,54.01285
462,Proactive optimal strategy,Quidem illo doloremque fuga.,63.31146
463,Networked multimedia projection,Quasi soluta neque pariatur magni sunt.,79.63287
464,Seamless uniform budgetary management,Accusantium error porro officia quis officia tenetur odio.,37.86755
465,Secured didactic hub,Soluta quis eos.,98.85867
466,Upgradable explicit archive,Omnis numquam blanditiis pariatur est delectus doloremque officiis.,16.94539
467,Upgradable dynamic complexity,Earum adipisci fuga sequi distinctio quis reiciendis ipsum.,98.43432
468,Open-architected user-facing array,Vel numquam accusantium ex saepe rem harum.,43.27856
469,Stand-alone multi-tasking moratorium,Temporibus esse deserunt cumque.,98.86559
470,Organized systemic access,Exercitationem culpa quod possimus ipsum.,25.70136
471,Business-focused solution-oriented access,Ut facere deleniti quos.,66.67801
472,Triple-buffered reciprocal concept,Harum suscipit optio perferendis pariatur minus voluptatibus.,47.93113
473,Ameliorated human-resource access,Quis id iure.,80.79794
474,Configurable uniform access,Et natus fugit veniam quo.,87.27347
475,Multi-layered intermediate standardization,Officia consequuntur dolore.,16.09045
476,Front-line value-added leverage,Laborum magni suscipit ex facere.,41.81676
477,Self-enabling user-facing workforce,Expedita dolores labore nostrum deserunt.,65.75884
478,Self-enabling maximized open architecture,Possimus fuga cum doloribus tempore officia.,72.49615
479,Self-enabling object-oriented encoding,Delectus quibusdam ex temporibus voluptatem reiciendis eveniet nulla.,54.84168
480,Centralized mission-critical parallelism,Eum molestiae natus labore.,73.21516
481,Secured system-worthy parallelism,Ut saepe nobis porro ad.,72.31226
482,Team-oriented eco-centric Graphic Interface,Recusandae consectetur quas.,73.86828
483,User-friendly executive Graphical User Interface,Dolore quaerat alias ducimus voluptates consequuntur possimus repudiandae.,74.74638
484,Reverse-engineered eco-centric toolset,Nostrum commodi maiores ducimus.,81.40167
485,Function-based background secured line,Repellendus corrupti perspiciatis quaerat iure vel.,16.004
486,Fundamental human-resource alliance,Magnam voluptatibus reiciendis placeat illo.,53.67816
487,Customizable didactic service-desk,Fugiat nostrum iusto.,58.60521
488,Ameliorated modular success,Beatae consectetur minima officia incidunt magnam.,92.92229
489,Programmable logistical middleware,Repellat cupiditate et vel fugit.,70.7371
490,Ergonomic tangible project,Nihil repellat temporibus modi omnis explicabo.,22.39414
491,Proactive value-added parallelism,Nam non autem odio facilis voluptate.,56.7033
492,Focused responsive capability,Itaque placeat fugiat.,91.70552
493,Synergized 6thgeneration capacity,Ullam et consectetur quaerat odio.,84.83906
494,Balanced encompassing info-mediaries,Totam hic quisquam recusandae eligendi ex excepturi.,18.92349
495,Exclusive system-worthy portal,Voluptate quas sit alias ullam architecto et.,96.23766
496,Profit-focused regional array,Quae nobis amet id magni maxime nulla labore.,76.41551
497,Cloned hybrid knowledgebase,Sit sit odit.,56.70953
498,Team-oriented empowering paradigm,In cum sed enim consequuntur ratione.,88.96374
499,Fully-configurable executive structure,Magnam sapiente distinctio rem.,27.74583
500,Extended needs-based frame,Neque a optio ullam fugiat totam dolorem.,57.16249
